image,xmin,ymin,xmax,ymax,label
inside_plate-023903524000.jpg,81.0,51.0,81.0,51.0,center
outside_plate-023903524000.jpg,55.0,76.0,55.0,76.0,center
outside_plate-084362203700.jpg,55.0,59.0,55.0,59.0,center
inside_plate-084362203700.jpg,66.0,42.0,66.0,42.0,center
outside_plate-027748582800.jpg,35.0,90.0,35.0,90.0,center
inside_plate-027748582800.jpg,73.0,32.0,73.0,32.0,center
inside_plate-056692174400.jpg,76.0,92.0,76.0,92.0,center
outside_plate-056692174400.jpg,57.0,44.0,57.0,44.0,center
outside_plate-068974838000.jpg,58.0,80.0,58.0,80.0,center
inside_plate-068974838000.jpg,81.0,65.0,81.0,65.0,center
outside_plate-0111522528100.jpg,91.0,63.0,91.0,63.0,center
inside_plate-0111522528100.jpg,35.0,54.0,35.0,54.0,center
inside_plate-033426201200.jpg,49.0,40.0,49.0,40.0,center
outside_plate-033426201200.jpg,47.0,38.0,47.0,38.0,center
outside_plate-0104075554600.jpg,46.0,65.0,46.0,65.0,center
inside_plate-0104075554600.jpg,43.0,59.0,43.0,59.0,center
outside_plate-062246170600.jpg,46.0,87.0,46.0,87.0,center
inside_plate-062246170600.jpg,57.0,86.0,57.0,86.0,center
outside_plate-0101542069200.jpg,35.0,94.0,35.0,94.0,center
inside_plate-0101542069200.jpg,83.0,68.0,83.0,68.0,center
outside_plate-0104097349400.jpg,65.0,65.0,65.0,65.0,center
inside_plate-0104097349400.jpg,54.0,73.0,54.0,73.0,center
inside_plate-059074643400.jpg,93.0,34.0,93.0,34.0,center
outside_plate-059074643400.jpg,81.0,49.0,81.0,49.0,center
inside_plate-011081546900.jpg,42.0,43.0,42.0,43.0,center
outside_plate-011081546900.jpg,76.0,52.0,76.0,52.0,center
outside_plate-0108303776800.jpg,65.0,73.0,65.0,73.0,center
inside_plate-0108303776800.jpg,62.0,51.0,62.0,51.0,center
outside_plate-035595751400.jpg,64.0,62.0,64.0,62.0,center
inside_plate-035595751400.jpg,41.0,50.0,41.0,50.0,center
outside_plate-058709422900.jpg,54.0,96.0,54.0,96.0,center
inside_plate-058709422900.jpg,60.0,56.0,60.0,56.0,center
outside_plate-090680824000.jpg,54.0,82.0,54.0,82.0,center
inside_plate-090680824000.jpg,34.0,96.0,34.0,96.0,center
outside_plate-055675375200.jpg,75.0,87.0,75.0,87.0,center
inside_plate-055675375200.jpg,73.0,94.0,73.0,94.0,center
outside_plate-071203547500.jpg,53.0,91.0,53.0,91.0,center
inside_plate-071203547500.jpg,88.0,35.0,88.0,35.0,center
outside_plate-083101962400.jpg,47.0,62.0,47.0,62.0,center
inside_plate-083101962400.jpg,85.0,55.0,85.0,55.0,center
outside_plate-025835192800.jpg,92.0,60.0,92.0,60.0,center
inside_plate-025835192800.jpg,48.0,53.0,48.0,53.0,center
outside_plate-052565971300.jpg,91.0,66.0,91.0,66.0,center
inside_plate-052565971300.jpg,66.0,81.0,66.0,81.0,center
outside_plate-094128703900.jpg,57.0,77.0,57.0,77.0,center
inside_plate-094128703900.jpg,91.0,53.0,91.0,53.0,center
outside_plate-0108254987600.jpg,82.0,80.0,82.0,80.0,center
inside_plate-0108254987600.jpg,63.0,77.0,63.0,77.0,center
outside_plate-09773043000.jpg,41.0,88.0,41.0,88.0,center
inside_plate-09773043000.jpg,96.0,34.0,96.0,34.0,center
inside_plate-061182164100.jpg,49.0,85.0,49.0,85.0,center
outside_plate-056678716900.jpg,52.0,69.0,52.0,69.0,center
inside_plate-056678716900.jpg,56.0,89.0,56.0,89.0,center
outside_plate-079043588500.jpg,72.0,56.0,72.0,56.0,center
inside_plate-079043588500.jpg,34.0,90.0,34.0,90.0,center
outside_plate-059992809100.jpg,32.0,47.0,32.0,47.0,center
inside_plate-059992809100.jpg,62.0,52.0,62.0,52.0,center
inside_plate-011088012600.jpg,81.0,48.0,81.0,48.0,center
outside_plate-012253951300.jpg,61.0,94.0,61.0,94.0,center
inside_plate-012253951300.jpg,82.0,38.0,82.0,38.0,center
inside_plate-0100242802400.jpg,44.0,64.0,44.0,64.0,center
outside_plate-0100242802400.jpg,33.0,56.0,33.0,56.0,center
outside_plate-0115783959700.jpg,38.0,57.0,38.0,57.0,center
inside_plate-0115783959700.jpg,46.0,76.0,46.0,76.0,center
outside_plate-050464471500.jpg,62.0,50.0,62.0,50.0,center
inside_plate-050464471500.jpg,69.0,47.0,69.0,47.0,center
inside_plate-072586699500.jpg,37.0,75.0,37.0,75.0,center
outside_plate-026635251300.jpg,80.0,85.0,80.0,85.0,center
inside_plate-026635251300.jpg,32.0,72.0,32.0,72.0,center
inside_plate-049999246400.jpg,52.0,59.0,52.0,59.0,center
outside_plate-021304254000.jpg,90.0,77.0,90.0,77.0,center
inside_plate-021304254000.jpg,85.0,63.0,85.0,63.0,center
inside_plate-07069507100.jpg,96.0,67.0,96.0,67.0,center
outside_plate-0108287594200.jpg,80.0,72.0,80.0,72.0,center
inside_plate-0108287594200.jpg,54.0,87.0,54.0,87.0,center
outside_plate-076531968000.jpg,48.0,75.0,48.0,75.0,center
inside_plate-076531968000.jpg,95.0,68.0,95.0,68.0,center
inside_plate-030543010300.jpg,51.0,80.0,51.0,80.0,center
outside_plate-088394852800.jpg,96.0,59.0,96.0,59.0,center
inside_plate-088394852800.jpg,76.0,89.0,76.0,89.0,center
outside_plate-084373485300.jpg,84.0,49.0,84.0,49.0,center
inside_plate-084373485300.jpg,32.0,33.0,32.0,33.0,center
inside_plate-065324241200.jpg,64.0,42.0,64.0,42.0,center
outside_plate-011094495100.jpg,36.0,40.0,36.0,40.0,center
inside_plate-011094495100.jpg,84.0,54.0,84.0,54.0,center
outside_plate-097554644300.jpg,87.0,35.0,87.0,35.0,center
inside_plate-097554644300.jpg,56.0,35.0,56.0,35.0,center
outside_plate-068977914000.jpg,41.0,57.0,41.0,57.0,center
inside_plate-068977914000.jpg,42.0,51.0,42.0,51.0,center
inside_plate-080266415800.jpg,42.0,80.0,42.0,80.0,center
outside_plate-032573708700.jpg,51.0,82.0,51.0,82.0,center
inside_plate-032573708700.jpg,81.0,54.0,81.0,54.0,center
outside_plate-035579558400.jpg,73.0,81.0,73.0,81.0,center
inside_plate-035579558400.jpg,80.0,77.0,80.0,77.0,center
outside_plate-071221896700.jpg,96.0,55.0,96.0,55.0,center
inside_plate-071221896700.jpg,33.0,76.0,33.0,76.0,center
outside_plate-020279554700.jpg,51.0,70.0,51.0,70.0,center
inside_plate-020279554700.jpg,45.0,76.0,45.0,76.0,center
outside_plate-021317909700.jpg,88.0,93.0,88.0,93.0,center
inside_plate-021317909700.jpg,44.0,69.0,44.0,69.0,center
outside_plate-068072501700.jpg,59.0,32.0,59.0,32.0,center
inside_plate-068072501700.jpg,48.0,66.0,48.0,66.0,center
outside_plate-041736573500.jpg,43.0,66.0,43.0,66.0,center
inside_plate-041736573500.jpg,45.0,59.0,45.0,59.0,center
inside_plate-016122796100.jpg,33.0,83.0,33.0,83.0,center
inside_plate-016122796100.jpg,42.0,61.0,42.0,61.0,center
inside_plate-064297317400.jpg,84.0,59.0,84.0,59.0,center
outside_plate-035586376200.jpg,57.0,87.0,57.0,87.0,center
inside_plate-035586376200.jpg,63.0,33.0,63.0,33.0,center
outside_plate-069924049200.jpg,74.0,61.0,74.0,61.0,center
outside_plate-097557957100.jpg,65.0,94.0,65.0,94.0,center
inside_plate-097557957100.jpg,60.0,45.0,60.0,45.0,center
inside_plate-030528756900.jpg,87.0,84.0,87.0,84.0,center
inside_plate-0106246320900.jpg,54.0,68.0,54.0,68.0,center
inside_plate-014982419100.jpg,74.0,74.0,74.0,74.0,center
outside_plate-014982419100.jpg,42.0,45.0,42.0,45.0,center
outside_plate-040663942200.jpg,38.0,42.0,38.0,42.0,center
inside_plate-040663942200.jpg,72.0,65.0,72.0,65.0,center
outside_plate-035592656000.jpg,34.0,36.0,34.0,36.0,center
inside_plate-035592656000.jpg,47.0,91.0,47.0,91.0,center
inside_plate-014985440400.jpg,93.0,59.0,93.0,59.0,center
outside_plate-037639687400.jpg,43.0,60.0,43.0,60.0,center
inside_plate-037639687400.jpg,71.0,78.0,71.0,78.0,center
outside_plate-025843445400.jpg,91.0,33.0,91.0,33.0,center
inside_plate-025843445400.jpg,66.0,37.0,66.0,37.0,center
outside_plate-027728944500.jpg,75.0,75.0,75.0,75.0,center
inside_plate-027728944500.jpg,61.0,45.0,61.0,45.0,center
inside_plate-011063459000.jpg,53.0,92.0,53.0,92.0,center
inside_plate-084383336600.jpg,61.0,43.0,61.0,43.0,center
inside_plate-039876160100.jpg,88.0,36.0,88.0,36.0,center
inside_plate-039876160100.jpg,59.0,46.0,59.0,46.0,center
outside_plate-076527814800.jpg,96.0,50.0,96.0,50.0,center
inside_plate-076527814800.jpg,73.0,44.0,73.0,44.0,center
outside_plate-084377041500.jpg,53.0,94.0,53.0,94.0,center
inside_plate-084377041500.jpg,88.0,55.0,88.0,55.0,center
outside_plate-019257700400.jpg,71.0,87.0,71.0,87.0,center
inside_plate-019257700400.jpg,81.0,63.0,81.0,63.0,center
outside_plate-032584020700.jpg,62.0,34.0,62.0,34.0,center
inside_plate-032584020700.jpg,65.0,66.0,65.0,66.0,center
inside_plate-081166554700.jpg,90.0,79.0,90.0,79.0,center
outside_plate-081166554700.jpg,45.0,52.0,45.0,52.0,center
outside_plate-0111516015100.jpg,67.0,52.0,67.0,52.0,center
inside_plate-0111516015100.jpg,48.0,88.0,48.0,88.0,center
inside_plate-0102938812500.jpg,81.0,66.0,81.0,66.0,center
outside_plate-0102938812500.jpg,95.0,79.0,95.0,79.0,center
inside_plate-095411941000.jpg,59.0,46.0,59.0,46.0,center
outside_plate-086283333200.jpg,89.0,82.0,89.0,82.0,center
inside_plate-086283333200.jpg,50.0,40.0,50.0,40.0,center
outside_plate-048803092400.jpg,79.0,86.0,79.0,86.0,center
inside_plate-048803092400.jpg,77.0,49.0,77.0,49.0,center
inside_plate-099183983800.jpg,45.0,73.0,45.0,73.0,center
outside_plate-08652496300.jpg,71.0,66.0,71.0,66.0,center
inside_plate-08652496300.jpg,38.0,78.0,38.0,78.0,center
outside_plate-08658306400.jpg,41.0,65.0,41.0,65.0,center
inside_plate-08658306400.jpg,34.0,69.0,34.0,69.0,center
outside_plate-093617267200.jpg,59.0,87.0,59.0,87.0,center
inside_plate-093617267200.jpg,89.0,63.0,89.0,63.0,center
inside_plate-095408532300.jpg,77.0,90.0,77.0,90.0,center
outside_plate-08663718900.jpg,49.0,58.0,49.0,58.0,center
inside_plate-08663718900.jpg,42.0,57.0,42.0,57.0,center
inside_plate-0116891830900.jpg,68.0,82.0,68.0,82.0,center
outside_plate-0116891830900.jpg,58.0,57.0,58.0,57.0,center
inside_plate-075345463400.jpg,54.0,78.0,54.0,78.0,center
inside_plate-019226479300.jpg,70.0,55.0,70.0,55.0,center
outside_plate-019226479300.jpg,40.0,63.0,40.0,63.0,center
outside_plate-083283058800.jpg,33.0,56.0,33.0,56.0,center
inside_plate-083283058800.jpg,54.0,85.0,54.0,85.0,center
outside_plate-046980712400.jpg,51.0,34.0,51.0,34.0,center
inside_plate-046980712400.jpg,76.0,43.0,76.0,43.0,center
outside_plate-07510638900.jpg,44.0,71.0,44.0,71.0,center
inside_plate-07510638900.jpg,84.0,44.0,84.0,44.0,center
inside_plate-055652198000.jpg,87.0,56.0,87.0,56.0,center
outside_plate-027741400200.jpg,79.0,86.0,79.0,86.0,center
inside_plate-027741400200.jpg,88.0,46.0,88.0,46.0,center
outside_plate-051473633500.jpg,67.0,73.0,67.0,73.0,center
inside_plate-051473633500.jpg,53.0,38.0,53.0,38.0,center
inside_plate-042664648100.jpg,78.0,63.0,78.0,63.0,center
inside_plate-01365367500.jpg,63.0,91.0,63.0,91.0,center
inside_plate-092982189400.jpg,75.0,33.0,75.0,33.0,center
inside_plate-030532192400.jpg,76.0,51.0,76.0,51.0,center
outside_plate-030532192400.jpg,70.0,93.0,70.0,93.0,center
outside_plate-084365474300.jpg,79.0,37.0,79.0,37.0,center
inside_plate-084365474300.jpg,82.0,73.0,82.0,73.0,center
inside_plate-025820580800.jpg,36.0,39.0,36.0,39.0,center
outside_plate-025820580800.jpg,92.0,51.0,92.0,51.0,center
outside_plate-098187957100.jpg,41.0,35.0,41.0,35.0,center
inside_plate-098187957100.jpg,35.0,74.0,35.0,74.0,center
inside_plate-079050978200.jpg,87.0,70.0,87.0,70.0,center
outside_plate-079050978200.jpg,46.0,93.0,46.0,93.0,center
inside_plate-0102947150500.jpg,63.0,36.0,63.0,36.0,center
outside_plate-0102947150500.jpg,54.0,34.0,54.0,34.0,center
inside_plate-0116885430700.jpg,44.0,54.0,44.0,54.0,center
outside_plate-0116885430700.jpg,94.0,85.0,94.0,85.0,center
inside_plate-03305259300.jpg,89.0,67.0,89.0,67.0,center
outside_plate-03305259300.jpg,67.0,68.0,67.0,68.0,center
outside_plate-07084671600.jpg,92.0,48.0,92.0,48.0,center
inside_plate-07084671600.jpg,95.0,92.0,95.0,92.0,center
inside_plate-07075603700.jpg,75.0,55.0,75.0,55.0,center
outside_plate-079011122700.jpg,48.0,49.0,48.0,49.0,center
inside_plate-079011122700.jpg,36.0,39.0,36.0,39.0,center
outside_plate-039879048000.jpg,67.0,50.0,67.0,50.0,center
inside_plate-039879048000.jpg,59.0,93.0,59.0,93.0,center
inside_plate-07489331300.jpg,37.0,64.0,37.0,64.0,center
outside_plate-07489331300.jpg,61.0,90.0,61.0,90.0,center
inside_plate-095392119400.jpg,87.0,63.0,87.0,63.0,center
inside_plate-087323419700.jpg,50.0,42.0,50.0,42.0,center
inside_plate-0112461952500.jpg,90.0,85.0,90.0,85.0,center
outside_plate-089505536200.jpg,90.0,57.0,90.0,57.0,center
inside_plate-089505536200.jpg,69.0,65.0,69.0,65.0,center
inside_plate-03311736200.jpg,77.0,69.0,77.0,69.0,center
outside_plate-0104109140600.jpg,73.0,84.0,73.0,84.0,center
inside_plate-0104109140600.jpg,79.0,51.0,79.0,51.0,center
inside_plate-0101545859800.jpg,56.0,41.0,56.0,41.0,center
outside_plate-018153557100.jpg,68.0,42.0,68.0,42.0,center
inside_plate-018153557100.jpg,75.0,43.0,75.0,43.0,center
inside_plate-055644635000.jpg,32.0,61.0,32.0,61.0,center
outside_plate-065833452700.jpg,85.0,81.0,85.0,81.0,center
inside_plate-065833452700.jpg,51.0,58.0,51.0,58.0,center
outside_plate-083273587700.jpg,65.0,44.0,65.0,44.0,center
inside_plate-083273587700.jpg,56.0,76.0,56.0,76.0,center
outside_plate-095423195700.jpg,52.0,90.0,52.0,90.0,center
inside_plate-095423195700.jpg,41.0,46.0,41.0,46.0,center
outside_plate-019252144300.jpg,89.0,45.0,89.0,45.0,center
inside_plate-019252144300.jpg,51.0,83.0,51.0,83.0,center
outside_plate-051455766700.jpg,73.0,62.0,73.0,62.0,center
inside_plate-051455766700.jpg,95.0,57.0,95.0,57.0,center
inside_plate-034416414200.jpg,82.0,47.0,82.0,47.0,center
outside_plate-034416414200.jpg,57.0,82.0,57.0,82.0,center
outside_plate-035576482000.jpg,81.0,78.0,81.0,78.0,center
inside_plate-035576482000.jpg,48.0,61.0,48.0,61.0,center
inside_plate-034434464900.jpg,35.0,68.0,35.0,68.0,center
outside_plate-034434464900.jpg,67.0,61.0,67.0,61.0,center
outside_plate-0106236176500.jpg,68.0,88.0,68.0,88.0,center
inside_plate-0106236176500.jpg,49.0,67.0,49.0,67.0,center
inside_plate-056685521300.jpg,72.0,41.0,72.0,41.0,center
outside_plate-016097880400.jpg,54.0,65.0,54.0,65.0,center
inside_plate-016097880400.jpg,69.0,49.0,69.0,49.0,center
inside_plate-09759129500.jpg,66.0,86.0,66.0,86.0,center
outside_plate-09759129500.jpg,67.0,72.0,67.0,72.0,center
outside_plate-027738008400.jpg,76.0,84.0,76.0,84.0,center
inside_plate-027738008400.jpg,59.0,41.0,59.0,41.0,center
outside_plate-029489918600.jpg,39.0,82.0,39.0,82.0,center
inside_plate-029489918600.jpg,80.0,50.0,80.0,50.0,center
inside_plate-03278624600.jpg,53.0,83.0,53.0,83.0,center
outside_plate-03278624600.jpg,82.0,96.0,82.0,96.0,center
outside_plate-05219409800.jpg,35.0,81.0,35.0,81.0,center
outside_plate-05215918200.jpg,40.0,71.0,40.0,71.0,center
inside_plate-05215918200.jpg,79.0,72.0,79.0,72.0,center
outside_plate-091656869500.jpg,52.0,86.0,52.0,86.0,center
inside_plate-091656869500.jpg,53.0,68.0,53.0,68.0,center
outside_plate-023918805800.jpg,42.0,85.0,42.0,85.0,center
inside_plate-023918805800.jpg,84.0,50.0,84.0,50.0,center
inside_plate-079019418200.jpg,96.0,55.0,96.0,55.0,center
outside_plate-079019418200.jpg,34.0,94.0,34.0,94.0,center
inside_plate-038832668200.jpg,87.0,49.0,87.0,49.0,center
outside_plate-038832668200.jpg,61.0,65.0,61.0,65.0,center
inside_plate-05225572000.jpg,56.0,39.0,56.0,39.0,center
outside_plate-05225572000.jpg,53.0,49.0,53.0,49.0,center
outside_plate-042656284900.jpg,83.0,34.0,83.0,34.0,center
inside_plate-042656284900.jpg,53.0,52.0,53.0,52.0,center
outside_plate-061164531500.jpg,54.0,63.0,54.0,63.0,center
inside_plate-061164531500.jpg,45.0,35.0,45.0,35.0,center
outside_plate-06009250300.jpg,51.0,83.0,51.0,83.0,center
inside_plate-07081770700.jpg,84.0,37.0,84.0,37.0,center
outside_plate-07081770700.jpg,68.0,82.0,68.0,82.0,center
outside_plate-014109553100.jpg,63.0,86.0,63.0,86.0,center
inside_plate-014109553100.jpg,44.0,61.0,44.0,61.0,center
outside_plate-094120352000.jpg,36.0,73.0,36.0,73.0,center
inside_plate-094120352000.jpg,41.0,32.0,41.0,32.0,center
outside_plate-084358380600.jpg,71.0,43.0,71.0,43.0,center
inside_plate-084358380600.jpg,70.0,50.0,70.0,50.0,center
outside_plate-076105310100.jpg,49.0,96.0,49.0,96.0,center
inside_plate-076105310100.jpg,33.0,42.0,33.0,42.0,center
inside_plate-037625250000.jpg,67.0,57.0,67.0,57.0,center
outside_plate-037625250000.jpg,54.0,74.0,54.0,74.0,center
outside_plate-050008434600.jpg,80.0,60.0,80.0,60.0,center
inside_plate-050008434600.jpg,81.0,50.0,81.0,50.0,center
inside_plate-093002102200.jpg,94.0,40.0,94.0,40.0,center
outside_plate-093002102200.jpg,71.0,66.0,71.0,66.0,center
inside_plate-057650361200.jpg,54.0,83.0,54.0,83.0,center
outside_plate-057650361200.jpg,72.0,52.0,72.0,52.0,center
inside_plate-057650361200.jpg,39.0,61.0,39.0,61.0,center
inside_plate-055623863000.jpg,90.0,40.0,90.0,40.0,center
outside_plate-086280187600.jpg,36.0,90.0,36.0,90.0,center
inside_plate-086280187600.jpg,78.0,35.0,78.0,35.0,center
outside_plate-036591345200.jpg,79.0,32.0,79.0,32.0,center
inside_plate-036591345200.jpg,86.0,76.0,86.0,76.0,center
inside_plate-034413447200.jpg,72.0,77.0,72.0,77.0,center
outside_plate-052583802100.jpg,60.0,73.0,60.0,73.0,center
inside_plate-052583802100.jpg,93.0,74.0,93.0,74.0,center
outside_plate-05197664300.jpg,73.0,55.0,73.0,55.0,center
inside_plate-05197664300.jpg,58.0,51.0,58.0,51.0,center
outside_plate-097538980100.jpg,79.0,78.0,79.0,78.0,center
inside_plate-097538980100.jpg,95.0,53.0,95.0,53.0,center
inside_plate-059089239100.jpg,64.0,64.0,64.0,64.0,center
inside_plate-017162654600.jpg,56.0,33.0,56.0,33.0,center
outside_plate-017162654600.jpg,88.0,83.0,88.0,83.0,center
inside_plate-037632042800.jpg,77.0,41.0,77.0,41.0,center
outside_plate-037632042800.jpg,63.0,54.0,63.0,54.0,center
inside_plate-059115856700.jpg,63.0,90.0,63.0,90.0,center
outside_plate-059115856700.jpg,94.0,54.0,94.0,54.0,center
outside_plate-029510647600.jpg,91.0,63.0,91.0,63.0,center
inside_plate-029510647600.jpg,39.0,41.0,39.0,41.0,center
outside_plate-036579470000.jpg,54.0,32.0,54.0,32.0,center
inside_plate-036579470000.jpg,81.0,46.0,81.0,46.0,center
inside_plate-087330968600.jpg,95.0,68.0,95.0,68.0,center
outside_plate-087330968600.jpg,75.0,91.0,75.0,91.0,center
outside_plate-037606294200.jpg,51.0,48.0,51.0,48.0,center
inside_plate-037606294200.jpg,72.0,74.0,72.0,74.0,center
outside_plate-0112464686800.jpg,68.0,54.0,68.0,54.0,center
inside_plate-0112464686800.jpg,58.0,48.0,58.0,48.0,center
outside_plate-072569434200.jpg,79.0,45.0,79.0,45.0,center
inside_plate-072569434200.jpg,69.0,76.0,69.0,76.0,center
inside_plate-03265152000.jpg,82.0,34.0,82.0,34.0,center
outside_plate-03265152000.jpg,56.0,33.0,56.0,33.0,center
outside_plate-08641648600.jpg,82.0,41.0,82.0,41.0,center
inside_plate-08641648600.jpg,70.0,74.0,70.0,74.0,center
outside_plate-0101531466000.jpg,87.0,35.0,87.0,35.0,center
inside_plate-0101531466000.jpg,46.0,74.0,46.0,74.0,center
inside_plate-013247445900.jpg,86.0,50.0,86.0,50.0,center
outside_plate-013247445900.jpg,64.0,92.0,64.0,92.0,center
outside_plate-0104080485800.jpg,96.0,48.0,96.0,48.0,center
inside_plate-0104080485800.jpg,45.0,88.0,45.0,88.0,center
inside_plate-071209916400.jpg,80.0,65.0,80.0,65.0,center
outside_plate-071209916400.jpg,65.0,72.0,65.0,72.0,center
outside_plate-06089213200.jpg,74.0,33.0,74.0,33.0,center
inside_plate-06089213200.jpg,96.0,56.0,96.0,56.0,center
inside_plate-064290413300.jpg,46.0,92.0,46.0,92.0,center
outside_plate-064290413300.jpg,87.0,91.0,87.0,91.0,center
inside_plate-01396454300.jpg,84.0,63.0,84.0,63.0,center
outside_plate-01396454300.jpg,65.0,51.0,65.0,51.0,center
outside_plate-068984817000.jpg,58.0,33.0,58.0,33.0,center
inside_plate-068984817000.jpg,74.0,69.0,74.0,69.0,center
inside_plate-0104083644000.jpg,70.0,62.0,70.0,62.0,center
outside_plate-023872510000.jpg,60.0,87.0,60.0,87.0,center
inside_plate-023872510000.jpg,95.0,62.0,95.0,62.0,center
inside_plate-065339923800.jpg,72.0,78.0,72.0,78.0,center
outside_plate-065339923800.jpg,46.0,67.0,46.0,67.0,center
inside_plate-046992242800.jpg,62.0,96.0,62.0,96.0,center
outside_plate-046992242800.jpg,53.0,34.0,53.0,34.0,center
outside_plate-068104482000.jpg,54.0,87.0,54.0,87.0,center
inside_plate-068104482000.jpg,69.0,33.0,69.0,33.0,center
outside_plate-050443085500.jpg,32.0,82.0,32.0,82.0,center
inside_plate-050443085500.jpg,72.0,96.0,72.0,96.0,center
inside_plate-0110486902100.jpg,70.0,33.0,70.0,33.0,center
outside_plate-0110486902100.jpg,91.0,72.0,91.0,72.0,center
outside_plate-0110507153300.jpg,51.0,69.0,51.0,69.0,center
inside_plate-0110507153300.jpg,42.0,42.0,42.0,42.0,center
outside_plate-0111503393000.jpg,61.0,78.0,61.0,78.0,center
inside_plate-0111503393000.jpg,94.0,35.0,94.0,35.0,center
inside_plate-014988460200.jpg,47.0,32.0,47.0,32.0,center
outside_plate-014988460200.jpg,62.0,81.0,62.0,81.0,center
inside_plate-064320982600.jpg,79.0,64.0,79.0,64.0,center
outside_plate-064320982600.jpg,67.0,43.0,67.0,43.0,center
inside_plate-064313186500.jpg,73.0,34.0,73.0,34.0,center
outside_plate-064313186500.jpg,49.0,68.0,49.0,68.0,center
outside_plate-037636061300.jpg,34.0,67.0,34.0,67.0,center
inside_plate-037636061300.jpg,89.0,60.0,89.0,60.0,center
inside_plate-064254008600.jpg,63.0,84.0,63.0,84.0,center
outside_plate-064254008600.jpg,52.0,92.0,52.0,92.0,center
inside_plate-030521892100.jpg,63.0,96.0,63.0,96.0,center
outside_plate-094071109200.jpg,69.0,52.0,69.0,52.0,center
inside_plate-094071109200.jpg,64.0,35.0,64.0,35.0,center
outside_plate-047933452400.jpg,49.0,89.0,49.0,89.0,center
inside_plate-047933452400.jpg,65.0,89.0,65.0,89.0,center
outside_plate-033430392300.jpg,45.0,47.0,45.0,47.0,center
inside_plate-033430392300.jpg,82.0,45.0,82.0,45.0,center
outside_plate-07552956700.jpg,87.0,55.0,87.0,55.0,center
inside_plate-07552956700.jpg,83.0,95.0,83.0,95.0,center
inside_plate-016104616100.jpg,90.0,42.0,90.0,42.0,center
outside_plate-016104616100.jpg,36.0,52.0,36.0,52.0,center
inside_plate-04254918000.jpg,37.0,57.0,37.0,57.0,center
outside_plate-04254918000.jpg,54.0,70.0,54.0,70.0,center
outside_plate-011084755600.jpg,49.0,53.0,49.0,53.0,center
inside_plate-011084755600.jpg,36.0,49.0,36.0,49.0,center
inside_plate-083279994400.jpg,39.0,37.0,39.0,37.0,center
outside_plate-083279994400.jpg,93.0,74.0,93.0,74.0,center
outside_plate-036600814700.jpg,96.0,38.0,96.0,38.0,center
inside_plate-036600814700.jpg,94.0,43.0,94.0,43.0,center
inside_plate-055683388500.jpg,46.0,64.0,46.0,64.0,center
inside_plate-021314616400.jpg,63.0,34.0,63.0,34.0,center
outside_plate-083293084600.jpg,96.0,35.0,96.0,35.0,center
inside_plate-083293084600.jpg,54.0,32.0,54.0,32.0,center
inside_plate-091718697000.jpg,59.0,33.0,59.0,33.0,center
inside_plate-0112475947300.jpg,55.0,60.0,55.0,60.0,center
outside_plate-083105547800.jpg,46.0,76.0,46.0,76.0,center
inside_plate-083105547800.jpg,55.0,37.0,55.0,37.0,center
inside_plate-07097349200.jpg,44.0,78.0,44.0,78.0,center
outside_plate-07097349200.jpg,61.0,85.0,61.0,85.0,center
inside_plate-047016247300.jpg,73.0,70.0,73.0,70.0,center
outside_plate-047016247300.jpg,50.0,41.0,50.0,41.0,center
outside_plate-028616224900.jpg,63.0,69.0,63.0,69.0,center
outside_plate-028616224900.jpg,49.0,59.0,49.0,59.0,center
outside_plate-07525225800.jpg,94.0,88.0,94.0,88.0,center
inside_plate-07525225800.jpg,83.0,54.0,83.0,54.0,center
inside_plate-023865783400.jpg,57.0,76.0,57.0,76.0,center
outside_plate-023865783400.jpg,36.0,88.0,36.0,88.0,center
outside_plate-018080984800.jpg,33.0,50.0,33.0,50.0,center
inside_plate-018080984800.jpg,88.0,57.0,88.0,57.0,center
outside_plate-042631551700.jpg,36.0,96.0,36.0,96.0,center
inside_plate-042631551700.jpg,57.0,60.0,57.0,60.0,center
inside_plate-028626234300.jpg,52.0,55.0,52.0,55.0,center
inside_plate-087346559100.jpg,42.0,49.0,42.0,49.0,center
outside_plate-087346559100.jpg,88.0,76.0,88.0,76.0,center
inside_plate-058718859100.jpg,39.0,44.0,39.0,44.0,center
outside_plate-058718859100.jpg,72.0,38.0,72.0,38.0,center
inside_plate-064246465500.jpg,93.0,40.0,93.0,40.0,center
outside_plate-064246465500.jpg,80.0,75.0,80.0,75.0,center
outside_plate-020266934600.jpg,42.0,94.0,42.0,94.0,center
inside_plate-020266934600.jpg,56.0,67.0,56.0,67.0,center
outside_plate-085224370500.jpg,34.0,57.0,34.0,57.0,center
inside_plate-085224370500.jpg,77.0,52.0,77.0,52.0,center
inside_plate-084368835800.jpg,62.0,40.0,62.0,40.0,center
outside_plate-084368835800.jpg,52.0,58.0,52.0,58.0,center
outside_plate-057659402400.jpg,50.0,40.0,50.0,40.0,center
inside_plate-057659402400.jpg,89.0,88.0,89.0,88.0,center
inside_plate-081144922800.jpg,74.0,43.0,74.0,43.0,center
inside_plate-083285846700.jpg,61.0,80.0,61.0,80.0,center
inside_plate-083285846700.jpg,81.0,86.0,81.0,86.0,center
inside_plate-040671079400.jpg,42.0,60.0,42.0,60.0,center
inside_plate-075353621100.jpg,32.0,87.0,32.0,87.0,center
outside_plate-075353621100.jpg,51.0,89.0,51.0,89.0,center
inside_plate-080289467900.jpg,52.0,79.0,52.0,79.0,center
outside_plate-062252932700.jpg,60.0,88.0,60.0,88.0,center
inside_plate-062252932700.jpg,47.0,77.0,47.0,77.0,center
inside_plate-0108278041500.jpg,38.0,96.0,38.0,96.0,center
outside_plate-031616574000.jpg,83.0,57.0,83.0,57.0,center
inside_plate-031616574000.jpg,40.0,68.0,40.0,68.0,center
inside_plate-050396162400.jpg,79.0,69.0,79.0,69.0,center
outside_plate-050396162400.jpg,90.0,89.0,90.0,89.0,center
outside_plate-052568914700.jpg,58.0,56.0,58.0,56.0,center
inside_plate-052568914700.jpg,68.0,88.0,68.0,88.0,center
outside_plate-09755339500.jpg,73.0,79.0,73.0,79.0,center
inside_plate-09755339500.jpg,56.0,44.0,56.0,44.0,center
outside_plate-059058229100.jpg,77.0,52.0,77.0,52.0,center
inside_plate-059058229100.jpg,61.0,55.0,61.0,55.0,center
inside_plate-028619507900.jpg,65.0,64.0,65.0,64.0,center
inside_plate-076547077800.jpg,92.0,92.0,92.0,92.0,center
inside_plate-0102930330500.jpg,51.0,44.0,51.0,44.0,center
outside_plate-04251463400.jpg,89.0,84.0,89.0,84.0,center
inside_plate-04251463400.jpg,88.0,45.0,88.0,45.0,center
inside_plate-031596836100.jpg,47.0,38.0,47.0,38.0,center
outside_plate-031596836100.jpg,79.0,62.0,79.0,62.0,center
inside_plate-059106327700.jpg,38.0,89.0,38.0,89.0,center
inside_plate-042605394500.jpg,49.0,36.0,49.0,36.0,center
outside_plate-042605394500.jpg,35.0,84.0,35.0,84.0,center
outside_plate-086273865200.jpg,68.0,91.0,68.0,91.0,center
inside_plate-065331147900.jpg,47.0,34.0,47.0,34.0,center
inside_plate-0112455534400.jpg,68.0,32.0,68.0,32.0,center
outside_plate-0112455534400.jpg,50.0,75.0,50.0,75.0,center
outside_plate-053586286500.jpg,96.0,40.0,96.0,40.0,center
inside_plate-053586286500.jpg,66.0,90.0,66.0,90.0,center
outside_plate-039860997500.jpg,51.0,60.0,51.0,60.0,center
inside_plate-039860997500.jpg,40.0,73.0,40.0,73.0,center
inside_plate-053576483500.jpg,34.0,75.0,34.0,75.0,center
inside_plate-080270700200.jpg,92.0,42.0,92.0,42.0,center
outside_plate-080270700200.jpg,68.0,37.0,68.0,37.0,center
outside_plate-013240660500.jpg,57.0,32.0,57.0,32.0,center
inside_plate-013240660500.jpg,77.0,41.0,77.0,41.0,center
outside_plate-052562430400.jpg,95.0,45.0,95.0,45.0,center
inside_plate-052562430400.jpg,66.0,96.0,66.0,96.0,center
outside_plate-0116894994100.jpg,92.0,92.0,92.0,92.0,center
inside_plate-0116894994100.jpg,41.0,95.0,41.0,95.0,center
outside_plate-051459527200.jpg,76.0,59.0,76.0,59.0,center
outside_plate-011073981100.jpg,67.0,37.0,67.0,37.0,center
inside_plate-011073981100.jpg,47.0,60.0,47.0,60.0,center
outside_plate-028629536600.jpg,42.0,38.0,42.0,38.0,center
inside_plate-055638008700.jpg,77.0,92.0,77.0,92.0,center
inside_plate-071224764700.jpg,95.0,94.0,95.0,94.0,center
outside_plate-071224764700.jpg,36.0,66.0,36.0,66.0,center
inside_plate-016129078000.jpg,74.0,58.0,74.0,58.0,center
inside_plate-046988115900.jpg,90.0,55.0,90.0,55.0,center
outside_plate-046988115900.jpg,96.0,45.0,96.0,45.0,center
outside_plate-038865566600.jpg,43.0,56.0,43.0,56.0,center
inside_plate-038865566600.jpg,64.0,55.0,64.0,55.0,center
outside_plate-061174860500.jpg,55.0,62.0,55.0,62.0,center
inside_plate-061174860500.jpg,58.0,93.0,58.0,93.0,center
inside_plate-097958368200.jpg,90.0,85.0,90.0,85.0,center
inside_plate-071197246700.jpg,88.0,58.0,88.0,58.0,center
outside_plate-071197246700.jpg,35.0,41.0,35.0,41.0,center
outside_plate-031610463300.jpg,41.0,55.0,41.0,55.0,center
inside_plate-031610463300.jpg,81.0,41.0,81.0,41.0,center
inside_plate-0102951540900.jpg,65.0,86.0,65.0,86.0,center
inside_plate-018162354300.jpg,66.0,95.0,66.0,95.0,center
outside_plate-047012794900.jpg,84.0,65.0,84.0,65.0,center
inside_plate-047012794900.jpg,50.0,93.0,50.0,93.0,center
inside_plate-071206606800.jpg,61.0,42.0,61.0,42.0,center
inside_plate-038852843700.jpg,43.0,50.0,43.0,50.0,center
outside_plate-038852843700.jpg,65.0,51.0,65.0,51.0,center
inside_plate-090674103100.jpg,65.0,84.0,65.0,84.0,center
inside_plate-032588536900.jpg,87.0,65.0,87.0,65.0,center
outside_plate-032588536900.jpg,53.0,67.0,53.0,67.0,center
inside_plate-060015012500.jpg,48.0,66.0,48.0,66.0,center
outside_plate-060015012500.jpg,80.0,48.0,80.0,48.0,center
inside_plate-095386014100.jpg,37.0,41.0,37.0,41.0,center
outside_plate-065811877000.jpg,47.0,33.0,47.0,33.0,center
inside_plate-065811877000.jpg,35.0,64.0,35.0,64.0,center
inside_plate-071200680500.jpg,48.0,87.0,48.0,87.0,center
inside_plate-050017552200.jpg,60.0,68.0,60.0,68.0,center
outside_plate-050017552200.jpg,96.0,39.0,96.0,39.0,center
inside_plate-012264285500.jpg,39.0,55.0,39.0,55.0,center
outside_plate-012264285500.jpg,58.0,84.0,58.0,84.0,center
inside_plate-01384280200.jpg,44.0,86.0,44.0,86.0,center
outside_plate-051438398100.jpg,54.0,88.0,54.0,88.0,center
inside_plate-042672913800.jpg,35.0,84.0,35.0,84.0,center
inside_plate-016107882900.jpg,56.0,74.0,56.0,74.0,center
outside_plate-031607224300.jpg,91.0,89.0,91.0,89.0,center
inside_plate-031607224300.jpg,33.0,93.0,33.0,93.0,center
outside_plate-047951421900.jpg,85.0,37.0,85.0,37.0,center
inside_plate-047951421900.jpg,46.0,60.0,46.0,60.0,center
outside_plate-034419495900.jpg,74.0,41.0,74.0,41.0,center
inside_plate-034419495900.jpg,33.0,32.0,33.0,32.0,center
inside_plate-085303158500.jpg,90.0,49.0,90.0,49.0,center
inside_plate-085277796500.jpg,91.0,42.0,91.0,42.0,center
outside_plate-085277796500.jpg,91.0,95.0,91.0,95.0,center
inside_plate-01404271400.jpg,47.0,47.0,47.0,47.0,center
outside_plate-020286139000.jpg,86.0,46.0,86.0,46.0,center
inside_plate-020286139000.jpg,77.0,81.0,77.0,81.0,center
outside_plate-096374352400.jpg,73.0,89.0,73.0,89.0,center
inside_plate-096374352400.jpg,34.0,55.0,34.0,55.0,center
inside_plate-0116878875500.jpg,73.0,71.0,73.0,71.0,center
outside_plate-09777430500.jpg,60.0,40.0,60.0,40.0,center
inside_plate-09777430500.jpg,48.0,78.0,48.0,78.0,center
inside_plate-040647629000.jpg,85.0,80.0,85.0,80.0,center
outside_plate-040647629000.jpg,75.0,92.0,75.0,92.0,center
inside_plate-036571763100.jpg,89.0,52.0,89.0,52.0,center
inside_plate-07518060600.jpg,58.0,93.0,58.0,93.0,center
outside_plate-07518060600.jpg,79.0,72.0,79.0,72.0,center
inside_plate-099177509200.jpg,37.0,90.0,37.0,90.0,center
outside_plate-099177509200.jpg,54.0,62.0,54.0,62.0,center
outside_plate-068964473100.jpg,53.0,82.0,53.0,82.0,center
inside_plate-068964473100.jpg,32.0,85.0,32.0,85.0,center
outside_plate-096381458700.jpg,50.0,69.0,50.0,69.0,center
inside_plate-096381458700.jpg,77.0,32.0,77.0,32.0,center
outside_plate-025850479100.jpg,73.0,96.0,73.0,96.0,center
inside_plate-025850479100.jpg,92.0,52.0,92.0,52.0,center
outside_plate-031623270900.jpg,32.0,60.0,32.0,60.0,center
inside_plate-031623270900.jpg,84.0,63.0,84.0,63.0,center
inside_plate-033422524400.jpg,62.0,67.0,62.0,67.0,center
inside_plate-062265891900.jpg,81.0,96.0,81.0,96.0,center
inside_plate-018136414200.jpg,79.0,43.0,79.0,43.0,center
outside_plate-018136414200.jpg,77.0,62.0,77.0,62.0,center
inside_plate-053564321700.jpg,95.0,46.0,95.0,46.0,center
outside_plate-053564321700.jpg,94.0,76.0,94.0,76.0,center
outside_plate-097545491400.jpg,74.0,94.0,74.0,94.0,center
inside_plate-097545491400.jpg,47.0,84.0,47.0,84.0,center
outside_plate-090665774200.jpg,50.0,78.0,50.0,78.0,center
inside_plate-090665774200.jpg,91.0,40.0,91.0,40.0,center
inside_plate-07503627500.jpg,36.0,49.0,36.0,49.0,center
outside_plate-07503627500.jpg,90.0,90.0,90.0,90.0,center
inside_plate-094103556000.jpg,94.0,48.0,94.0,48.0,center
outside_plate-094103556000.jpg,45.0,79.0,45.0,79.0,center
outside_plate-076536021900.jpg,69.0,48.0,69.0,48.0,center
inside_plate-076536021900.jpg,63.0,51.0,63.0,51.0,center
inside_plate-036575197900.jpg,65.0,56.0,65.0,56.0,center
outside_plate-036575197900.jpg,83.0,86.0,83.0,86.0,center
inside_plate-035572469900.jpg,65.0,53.0,65.0,53.0,center
outside_plate-035572469900.jpg,58.0,80.0,58.0,80.0,center
inside_plate-045008656200.jpg,80.0,79.0,80.0,79.0,center
outside_plate-023896245900.jpg,93.0,47.0,93.0,47.0,center
inside_plate-023896245900.jpg,32.0,84.0,32.0,84.0,center
inside_plate-0100266338800.jpg,58.0,40.0,58.0,40.0,center
inside_plate-046024584900.jpg,63.0,85.0,63.0,85.0,center
outside_plate-0112452378200.jpg,32.0,75.0,32.0,75.0,center
inside_plate-0112452378200.jpg,60.0,90.0,60.0,90.0,center
inside_plate-068141128600.jpg,55.0,85.0,55.0,85.0,center
outside_plate-0114697135800.jpg,64.0,89.0,64.0,89.0,center
outside_plate-0114697135800.jpg,90.0,95.0,90.0,95.0,center
outside_plate-020293460500.jpg,39.0,45.0,39.0,45.0,center
inside_plate-020293460500.jpg,90.0,64.0,90.0,64.0,center
outside_plate-014100970400.jpg,56.0,76.0,56.0,76.0,center
inside_plate-014100970400.jpg,58.0,94.0,58.0,94.0,center
inside_plate-057656230700.jpg,46.0,59.0,46.0,59.0,center
outside_plate-057656230700.jpg,43.0,43.0,43.0,43.0,center
inside_plate-071215826100.jpg,68.0,38.0,68.0,38.0,center
inside_plate-031604096200.jpg,69.0,67.0,69.0,67.0,center
inside_plate-092998100600.jpg,81.0,71.0,81.0,71.0,center
inside_plate-097529874500.jpg,72.0,36.0,72.0,36.0,center
outside_plate-097529874500.jpg,85.0,69.0,85.0,69.0,center
inside_plate-09768380400.jpg,47.0,44.0,47.0,44.0,center
outside_plate-035565501000.jpg,62.0,34.0,62.0,34.0,center
inside_plate-038848988800.jpg,61.0,67.0,61.0,67.0,center
outside_plate-038848988800.jpg,68.0,65.0,68.0,65.0,center
outside_plate-088403142900.jpg,54.0,96.0,54.0,96.0,center
inside_plate-088403142900.jpg,88.0,87.0,88.0,87.0,center
inside_plate-088425351800.jpg,69.0,93.0,69.0,93.0,center
inside_plate-07089045000.jpg,62.0,47.0,62.0,47.0,center
outside_plate-07093220500.jpg,79.0,86.0,79.0,86.0,center
inside_plate-07093220500.jpg,38.0,72.0,38.0,72.0,center
inside_plate-086265638700.jpg,35.0,72.0,35.0,72.0,center
outside_plate-086265638700.jpg,70.0,73.0,70.0,73.0,center
inside_plate-036588519000.jpg,42.0,53.0,42.0,53.0,center
outside_plate-036588519000.jpg,57.0,63.0,57.0,63.0,center
outside_plate-034441443800.jpg,66.0,44.0,66.0,44.0,center
inside_plate-034441443800.jpg,90.0,33.0,90.0,33.0,center
outside_plate-091632552000.jpg,84.0,59.0,84.0,59.0,center
inside_plate-091632552000.jpg,45.0,92.0,45.0,92.0,center
outside_plate-038836366600.jpg,33.0,41.0,33.0,41.0,center
inside_plate-038836366600.jpg,94.0,95.0,94.0,95.0,center
inside_plate-07533764800.jpg,87.0,49.0,87.0,49.0,center
outside_plate-07533764800.jpg,51.0,42.0,51.0,42.0,center
inside_plate-035582595800.jpg,95.0,53.0,95.0,53.0,center
outside_plate-035582595800.jpg,38.0,41.0,38.0,41.0,center
inside_plate-069945414600.jpg,74.0,48.0,74.0,48.0,center
inside_plate-073420444400.jpg,34.0,93.0,34.0,93.0,center
outside_plate-053579415900.jpg,95.0,48.0,95.0,48.0,center
inside_plate-053579415900.jpg,33.0,40.0,33.0,40.0,center
outside_plate-0114667035400.jpg,87.0,85.0,87.0,85.0,center
inside_plate-0114667035400.jpg,69.0,70.0,69.0,70.0,center
inside_plate-036582696000.jpg,72.0,61.0,72.0,61.0,center
outside_plate-036582696000.jpg,52.0,64.0,52.0,64.0,center
inside_plate-0102963361400.jpg,56.0,71.0,56.0,71.0,center
outside_plate-0102963361400.jpg,44.0,71.0,44.0,71.0,center
inside_plate-088418524400.jpg,75.0,34.0,75.0,34.0,center
outside_plate-088418524400.jpg,44.0,33.0,44.0,33.0,center
outside_plate-0114682051000.jpg,88.0,55.0,88.0,55.0,center
inside_plate-0114682051000.jpg,49.0,87.0,49.0,87.0,center
inside_plate-068129747500.jpg,83.0,63.0,83.0,63.0,center
inside_plate-016132983100.jpg,74.0,82.0,74.0,82.0,center
inside_plate-088411663600.jpg,60.0,34.0,60.0,34.0,center
outside_plate-088411663600.jpg,92.0,49.0,92.0,49.0,center
outside_plate-094136613500.jpg,84.0,69.0,84.0,69.0,center
inside_plate-094136613500.jpg,36.0,47.0,36.0,47.0,center
outside_plate-025785132900.jpg,78.0,85.0,78.0,85.0,center
inside_plate-061178374800.jpg,53.0,76.0,53.0,76.0,center
outside_plate-056688732700.jpg,39.0,48.0,39.0,48.0,center
outside_plate-021298074600.jpg,85.0,68.0,85.0,68.0,center
inside_plate-021298074600.jpg,70.0,45.0,70.0,45.0,center
outside_plate-052580604300.jpg,33.0,76.0,33.0,76.0,center
inside_plate-052580604300.jpg,81.0,65.0,81.0,65.0,center
inside_plate-065819035300.jpg,53.0,51.0,53.0,51.0,center
outside_plate-065819035300.jpg,71.0,73.0,71.0,73.0,center
inside_plate-08624604100.jpg,42.0,81.0,42.0,81.0,center
outside_plate-08624604100.jpg,75.0,35.0,75.0,35.0,center
inside_plate-06049747200.jpg,51.0,90.0,51.0,90.0,center
outside_plate-06049747200.jpg,90.0,83.0,90.0,83.0,center
inside_plate-045015624200.jpg,49.0,44.0,49.0,44.0,center
outside_plate-045015624200.jpg,34.0,50.0,34.0,50.0,center
inside_plate-055659328100.jpg,65.0,55.0,65.0,55.0,center
inside_plate-023880773400.jpg,41.0,56.0,41.0,56.0,center
outside_plate-023880773400.jpg,82.0,64.0,82.0,64.0,center
inside_plate-041724257900.jpg,46.0,50.0,46.0,50.0,center
outside_plate-041724257900.jpg,81.0,91.0,81.0,91.0,center
inside_plate-098209786800.jpg,76.0,34.0,76.0,34.0,center
outside_plate-098209786800.jpg,73.0,36.0,73.0,36.0,center
inside_plate-068967631900.jpg,56.0,72.0,56.0,72.0,center
outside_plate-068967631900.jpg,95.0,54.0,95.0,54.0,center
outside_plate-023888004400.jpg,67.0,62.0,67.0,62.0,center
inside_plate-023888004400.jpg,67.0,81.0,67.0,81.0,center
inside_plate-0106250085200.jpg,74.0,92.0,74.0,92.0,center
inside_plate-029496138300.jpg,48.0,58.0,48.0,58.0,center
outside_plate-041714983300.jpg,46.0,65.0,46.0,65.0,center
inside_plate-041714983300.jpg,45.0,92.0,45.0,92.0,center
inside_plate-047926341400.jpg,59.0,76.0,59.0,76.0,center
outside_plate-0100249923300.jpg,34.0,39.0,34.0,39.0,center
inside_plate-0100249923300.jpg,96.0,55.0,96.0,55.0,center
inside_plate-019234795100.jpg,37.0,56.0,37.0,56.0,center
outside_plate-019234795100.jpg,69.0,57.0,69.0,57.0,center
inside_plate-053590601500.jpg,72.0,60.0,72.0,60.0,center
outside_plate-057665029400.jpg,59.0,47.0,59.0,47.0,center
inside_plate-057665029400.jpg,86.0,90.0,86.0,90.0,center
outside_plate-032567341000.jpg,92.0,41.0,92.0,41.0,center
inside_plate-032567341000.jpg,93.0,69.0,93.0,69.0,center
outside_plate-041727510300.jpg,76.0,60.0,76.0,60.0,center
inside_plate-041727510300.jpg,42.0,70.0,42.0,70.0,center
inside_plate-019246307500.jpg,64.0,89.0,64.0,89.0,center
inside_plate-081154888700.jpg,34.0,58.0,34.0,58.0,center
inside_plate-050386925100.jpg,46.0,87.0,46.0,87.0,center
outside_plate-050386925100.jpg,84.0,35.0,84.0,35.0,center
inside_plate-025799647700.jpg,92.0,74.0,92.0,74.0,center
inside_plate-030538867300.jpg,44.0,86.0,44.0,86.0,center
inside_plate-068961319400.jpg,77.0,41.0,77.0,41.0,center
outside_plate-068961319400.jpg,53.0,44.0,53.0,44.0,center
outside_plate-023927750600.jpg,42.0,81.0,42.0,81.0,center
inside_plate-023927750600.jpg,53.0,81.0,53.0,81.0,center
outside_plate-098179183400.jpg,90.0,76.0,90.0,76.0,center
inside_plate-098179183400.jpg,83.0,46.0,83.0,46.0,center
inside_plate-046027828700.jpg,54.0,79.0,54.0,79.0,center
inside_plate-083132684900.jpg,51.0,86.0,51.0,86.0,center
outside_plate-083132684900.jpg,40.0,91.0,40.0,91.0,center
inside_plate-047000572100.jpg,71.0,77.0,71.0,77.0,center
outside_plate-047000572100.jpg,49.0,69.0,49.0,69.0,center
inside_plate-038857006000.jpg,53.0,44.0,53.0,44.0,center
outside_plate-038857006000.jpg,44.0,59.0,44.0,59.0,center
outside_plate-014112412100.jpg,43.0,66.0,43.0,66.0,center
inside_plate-014112412100.jpg,39.0,33.0,39.0,33.0,center
outside_plate-098171229600.jpg,67.0,49.0,67.0,49.0,center
inside_plate-098171229600.jpg,84.0,72.0,84.0,72.0,center
outside_plate-0110459496300.jpg,58.0,95.0,58.0,95.0,center
inside_plate-0110459496300.jpg,75.0,72.0,75.0,72.0,center
inside_plate-025828135100.jpg,50.0,90.0,50.0,90.0,center
outside_plate-032570800100.jpg,92.0,45.0,92.0,45.0,center
inside_plate-032570800100.jpg,95.0,79.0,95.0,79.0,center
inside_plate-059082129000.jpg,52.0,92.0,52.0,92.0,center
inside_plate-020289201800.jpg,70.0,89.0,70.0,89.0,center
outside_plate-020289201800.jpg,79.0,35.0,79.0,35.0,center
inside_plate-042613749100.jpg,65.0,47.0,65.0,47.0,center
outside_plate-042613749100.jpg,74.0,60.0,74.0,60.0,center
inside_plate-0114734779700.jpg,96.0,34.0,96.0,34.0,center
outside_plate-03291861600.jpg,42.0,64.0,42.0,64.0,center
inside_plate-03291861600.jpg,71.0,46.0,71.0,46.0,center
inside_plate-048785581200.jpg,34.0,56.0,34.0,56.0,center
outside_plate-081151780600.jpg,77.0,91.0,77.0,91.0,center
inside_plate-081151780600.jpg,60.0,96.0,60.0,96.0,center
inside_plate-0115790859800.jpg,59.0,33.0,59.0,33.0,center
outside_plate-0115790859800.jpg,38.0,44.0,38.0,44.0,center
outside_plate-014093508400.jpg,79.0,57.0,79.0,57.0,center
inside_plate-014093508400.jpg,83.0,34.0,83.0,34.0,center
outside_plate-06061421300.jpg,84.0,56.0,84.0,56.0,center
inside_plate-06061421300.jpg,36.0,82.0,36.0,82.0,center
inside_plate-050428247200.jpg,85.0,75.0,85.0,75.0,center
outside_plate-050428247200.jpg,79.0,70.0,79.0,70.0,center
inside_plate-088415323300.jpg,96.0,57.0,96.0,57.0,center
outside_plate-033418564200.jpg,81.0,81.0,81.0,81.0,center
inside_plate-033418564200.jpg,71.0,80.0,71.0,80.0,center
outside_plate-099174515600.jpg,39.0,58.0,39.0,58.0,center
inside_plate-099174515600.jpg,62.0,86.0,62.0,86.0,center
inside_plate-075312389700.jpg,50.0,78.0,50.0,78.0,center
outside_plate-019223246500.jpg,49.0,80.0,49.0,80.0,center
outside_plate-019223246500.jpg,40.0,42.0,40.0,42.0,center
outside_plate-011091473700.jpg,81.0,76.0,81.0,76.0,center
inside_plate-011091473700.jpg,53.0,44.0,53.0,44.0,center
inside_plate-033411966100.jpg,55.0,42.0,55.0,42.0,center
inside_plate-030525482000.jpg,40.0,47.0,40.0,47.0,center
inside_plate-042639561400.jpg,53.0,96.0,53.0,96.0,center
outside_plate-042639561400.jpg,61.0,73.0,61.0,73.0,center
inside_plate-046014074400.jpg,64.0,51.0,64.0,51.0,center
outside_plate-076050595000.jpg,74.0,59.0,74.0,59.0,center
inside_plate-076050595000.jpg,68.0,55.0,68.0,55.0,center
inside_plate-048773645900.jpg,91.0,83.0,91.0,83.0,center
outside_plate-048773645900.jpg,87.0,50.0,87.0,50.0,center
outside_plate-038828822200.jpg,36.0,39.0,36.0,39.0,center
inside_plate-038828822200.jpg,59.0,56.0,59.0,56.0,center
inside_plate-033448207400.jpg,79.0,36.0,79.0,36.0,center
outside_plate-033448207400.jpg,69.0,47.0,69.0,47.0,center
outside_plate-082179708600.jpg,63.0,39.0,63.0,39.0,center
inside_plate-082179708600.jpg,90.0,47.0,90.0,47.0,center
inside_plate-027724537900.jpg,37.0,55.0,37.0,55.0,center
outside_plate-027724537900.jpg,67.0,57.0,67.0,57.0,center
inside_plate-048809057100.jpg,64.0,44.0,64.0,44.0,center
inside_plate-083276936400.jpg,63.0,40.0,63.0,40.0,center
inside_plate-096363097400.jpg,79.0,85.0,79.0,85.0,center
outside_plate-096363097400.jpg,42.0,69.0,42.0,69.0,center
outside_plate-047004998300.jpg,80.0,90.0,80.0,90.0,center
inside_plate-047004998300.jpg,63.0,90.0,63.0,90.0,center
inside_plate-096378031100.jpg,38.0,38.0,38.0,38.0,center
outside_plate-014106752000.jpg,73.0,78.0,73.0,78.0,center
inside_plate-014106752000.jpg,47.0,72.0,47.0,72.0,center
outside_plate-041707083200.jpg,77.0,43.0,77.0,43.0,center
inside_plate-041707083200.jpg,34.0,35.0,34.0,35.0,center
outside_plate-016101480200.jpg,70.0,41.0,70.0,41.0,center
inside_plate-016101480200.jpg,74.0,45.0,74.0,45.0,center
outside_plate-03272155300.jpg,62.0,64.0,62.0,64.0,center
inside_plate-03272155300.jpg,35.0,72.0,35.0,72.0,center
inside_plate-053582321300.jpg,40.0,40.0,40.0,40.0,center
outside_plate-041721267200.jpg,73.0,39.0,73.0,39.0,center
inside_plate-041721267200.jpg,67.0,69.0,67.0,69.0,center
outside_plate-047943989900.jpg,50.0,78.0,50.0,78.0,center
inside_plate-047943989900.jpg,45.0,80.0,45.0,80.0,center
inside_plate-021301294100.jpg,58.0,46.0,58.0,46.0,center
outside_plate-021301294100.jpg,60.0,57.0,60.0,57.0,center
inside_plate-050014767300.jpg,60.0,54.0,60.0,54.0,center
outside_plate-050014767300.jpg,80.0,58.0,80.0,58.0,center
outside_plate-082168097800.jpg,72.0,89.0,72.0,89.0,center
inside_plate-082168097800.jpg,39.0,81.0,39.0,81.0,center
inside_plate-088421896000.jpg,70.0,54.0,70.0,54.0,center
outside_plate-088421896000.jpg,83.0,55.0,83.0,55.0,center
inside_plate-086277067900.jpg,72.0,32.0,72.0,32.0,center
outside_plate-086277067900.jpg,78.0,57.0,78.0,57.0,center
inside_plate-0110473625600.jpg,86.0,56.0,86.0,56.0,center
outside_plate-059066781300.jpg,71.0,71.0,71.0,71.0,center
inside_plate-059066781300.jpg,87.0,66.0,87.0,66.0,center
outside_plate-047009083100.jpg,80.0,79.0,80.0,79.0,center
inside_plate-047009083100.jpg,58.0,66.0,58.0,66.0,center
inside_plate-085244875800.jpg,45.0,34.0,45.0,34.0,center
outside_plate-085244875800.jpg,59.0,59.0,59.0,59.0,center
outside_plate-0106217387500.jpg,65.0,54.0,65.0,54.0,center
inside_plate-0106217387500.jpg,62.0,91.0,62.0,91.0,center
inside_plate-061161540600.jpg,63.0,43.0,63.0,43.0,center
outside_plate-083288969600.jpg,70.0,89.0,70.0,89.0,center
inside_plate-083288969600.jpg,93.0,68.0,93.0,68.0,center
inside_plate-073413595500.jpg,79.0,78.0,79.0,78.0,center
outside_plate-073413595500.jpg,66.0,78.0,66.0,78.0,center
outside_plate-051448234000.jpg,71.0,76.0,71.0,76.0,center
inside_plate-051448234000.jpg,56.0,70.0,56.0,70.0,center
inside_plate-040660521700.jpg,69.0,55.0,69.0,55.0,center
outside_plate-040660521700.jpg,68.0,75.0,68.0,75.0,center
inside_plate-041711362200.jpg,54.0,51.0,54.0,51.0,center
outside_plate-041711362200.jpg,75.0,71.0,75.0,71.0,center
outside_plate-090669014700.jpg,89.0,43.0,89.0,43.0,center
inside_plate-090669014700.jpg,36.0,42.0,36.0,42.0,center
inside_plate-029503659400.jpg,68.0,42.0,68.0,42.0,center
inside_plate-075377957200.jpg,52.0,90.0,52.0,90.0,center
inside_plate-07543505700.jpg,33.0,65.0,33.0,65.0,center
outside_plate-07543505700.jpg,69.0,90.0,69.0,90.0,center
inside_plate-055667883400.jpg,80.0,71.0,80.0,71.0,center
inside_plate-085252752900.jpg,39.0,53.0,39.0,53.0,center
outside_plate-085252752900.jpg,43.0,65.0,43.0,65.0,center
outside_plate-083296429700.jpg,94.0,32.0,94.0,32.0,center
inside_plate-083296429700.jpg,81.0,66.0,81.0,66.0,center
inside_plate-033443107100.jpg,68.0,47.0,68.0,47.0,center
outside_plate-052574853400.jpg,69.0,41.0,69.0,41.0,center
inside_plate-052574853400.jpg,40.0,65.0,40.0,65.0,center
outside_plate-034430801800.jpg,84.0,58.0,84.0,58.0,center
outside_plate-093006255500.jpg,89.0,95.0,89.0,95.0,center
inside_plate-085260379700.jpg,93.0,90.0,93.0,90.0,center
outside_plate-085260379700.jpg,33.0,33.0,33.0,33.0,center
outside_plate-027734060900.jpg,84.0,46.0,84.0,46.0,center
inside_plate-027734060900.jpg,42.0,60.0,42.0,60.0,center
inside_plate-046031163100.jpg,40.0,63.0,40.0,63.0,center
outside_plate-046031163100.jpg,84.0,85.0,84.0,85.0,center
outside_plate-075321817800.jpg,96.0,48.0,96.0,48.0,center
inside_plate-075321817800.jpg,45.0,61.0,45.0,61.0,center
inside_plate-056664960100.jpg,58.0,95.0,58.0,95.0,center
outside_plate-056664960100.jpg,33.0,63.0,33.0,63.0,center
inside_plate-05222563100.jpg,44.0,71.0,44.0,71.0,center
inside_plate-04275566400.jpg,94.0,71.0,94.0,71.0,center
outside_plate-097972291200.jpg,95.0,57.0,95.0,57.0,center
inside_plate-097972291200.jpg,86.0,53.0,86.0,53.0,center
outside_plate-075329626000.jpg,95.0,44.0,95.0,44.0,center
inside_plate-075329626000.jpg,65.0,50.0,65.0,50.0,center
inside_plate-076522497000.jpg,38.0,90.0,38.0,90.0,center
outside_plate-076522497000.jpg,69.0,41.0,69.0,41.0,center
inside_plate-0104093305900.jpg,83.0,61.0,83.0,61.0,center
outside_plate-0104093305900.jpg,38.0,82.0,38.0,82.0,center
inside_plate-032592213600.jpg,65.0,78.0,65.0,78.0,center
outside_plate-032592213600.jpg,54.0,75.0,54.0,75.0,center
inside_plate-08631767700.jpg,91.0,85.0,91.0,85.0,center
outside_plate-08631767700.jpg,49.0,84.0,49.0,84.0,center
outside_plate-08631767700.jpg,55.0,47.0,55.0,47.0,center
outside_plate-078989922200.jpg,39.0,85.0,39.0,85.0,center
inside_plate-078989922200.jpg,48.0,42.0,48.0,42.0,center
inside_plate-076090889700.jpg,85.0,83.0,85.0,83.0,center
outside_plate-076090889700.jpg,85.0,75.0,85.0,75.0,center
outside_plate-0108321535700.jpg,46.0,43.0,46.0,43.0,center
inside_plate-0108321535700.jpg,49.0,38.0,49.0,38.0,center
outside_plate-013237582200.jpg,50.0,40.0,50.0,40.0,center
inside_plate-013237582200.jpg,49.0,90.0,49.0,90.0,center
outside_plate-072583468700.jpg,51.0,34.0,51.0,34.0,center
inside_plate-072583468700.jpg,67.0,57.0,67.0,57.0,center
inside_plate-034438158100.jpg,81.0,63.0,81.0,63.0,center
outside_plate-072560814000.jpg,89.0,57.0,89.0,57.0,center
inside_plate-072560814000.jpg,51.0,36.0,51.0,36.0,center
outside_plate-0110500238100.jpg,65.0,62.0,65.0,62.0,center
inside_plate-0110500238100.jpg,70.0,59.0,70.0,59.0,center
inside_plate-083127536500.jpg,50.0,47.0,50.0,47.0,center
outside_plate-083127536500.jpg,89.0,67.0,89.0,67.0,center
inside_plate-06097770700.jpg,82.0,57.0,82.0,57.0,center
outside_plate-06097770700.jpg,93.0,83.0,93.0,83.0,center
outside_plate-076555316600.jpg,83.0,77.0,83.0,77.0,center
inside_plate-076555316600.jpg,52.0,59.0,52.0,59.0,center
outside_plate-031613550600.jpg,36.0,41.0,36.0,41.0,center
inside_plate-031613550600.jpg,68.0,65.0,68.0,65.0,center
outside_plate-013227469800.jpg,61.0,74.0,61.0,74.0,center
inside_plate-013227469800.jpg,73.0,92.0,73.0,92.0,center
inside_plate-045022654700.jpg,91.0,51.0,91.0,51.0,center
inside_plate-020263777600.jpg,89.0,48.0,89.0,48.0,center
outside_plate-020263777600.jpg,43.0,50.0,43.0,50.0,center
inside_plate-084354595300.jpg,57.0,79.0,57.0,79.0,center
outside_plate-061150173200.jpg,45.0,39.0,45.0,39.0,center
inside_plate-061150173200.jpg,38.0,33.0,38.0,33.0,center
inside_plate-083120353500.jpg,66.0,58.0,66.0,58.0,center
outside_plate-083120353500.jpg,81.0,35.0,81.0,35.0,center
inside_plate-021310591800.jpg,82.0,70.0,82.0,70.0,center
outside_plate-021310591800.jpg,52.0,69.0,52.0,69.0,center
inside_plate-095397821000.jpg,41.0,53.0,41.0,53.0,center
outside_plate-095397821000.jpg,60.0,87.0,60.0,87.0,center
outside_plate-013234101100.jpg,38.0,96.0,38.0,96.0,center
inside_plate-013234101100.jpg,71.0,89.0,71.0,89.0,center
outside_plate-068958373800.jpg,41.0,71.0,41.0,71.0,center
inside_plate-068958373800.jpg,86.0,93.0,86.0,93.0,center
inside_plate-098196549700.jpg,95.0,69.0,95.0,69.0,center
outside_plate-098196549700.jpg,89.0,42.0,89.0,42.0,center
outside_plate-016114150900.jpg,56.0,46.0,56.0,46.0,center
inside_plate-016114150900.jpg,84.0,89.0,84.0,89.0,center
inside_plate-06078807300.jpg,55.0,66.0,55.0,66.0,center
outside_plate-06078807300.jpg,66.0,95.0,66.0,95.0,center
outside_plate-0102958614900.jpg,71.0,83.0,71.0,83.0,center
inside_plate-0102958614900.jpg,45.0,71.0,45.0,71.0,center
outside_plate-0102942200500.jpg,70.0,74.0,70.0,74.0,center
inside_plate-0102942200500.jpg,90.0,91.0,90.0,91.0,center
outside_plate-035589781900.jpg,66.0,86.0,66.0,86.0,center
inside_plate-076550336400.jpg,90.0,73.0,90.0,73.0,center
outside_plate-076550336400.jpg,40.0,44.0,40.0,44.0,center
outside_plate-025806605500.jpg,69.0,74.0,69.0,74.0,center
inside_plate-025806605500.jpg,39.0,72.0,39.0,72.0,center
outside_plate-016118423800.jpg,78.0,92.0,78.0,92.0,center
inside_plate-016118423800.jpg,45.0,39.0,45.0,39.0,center
outside_plate-031619719800.jpg,75.0,62.0,75.0,62.0,center
inside_plate-031619719800.jpg,70.0,95.0,70.0,95.0,center
outside_plate-07496633000.jpg,34.0,41.0,34.0,41.0,center
inside_plate-07496633000.jpg,79.0,42.0,79.0,42.0,center
inside_plate-049996397900.jpg,91.0,58.0,91.0,58.0,center
inside_plate-039873263800.jpg,67.0,62.0,67.0,62.0,center
outside_plate-073400734900.jpg,64.0,51.0,64.0,51.0,center
inside_plate-073400734900.jpg,37.0,49.0,37.0,49.0,center
inside_plate-012260973300.jpg,56.0,69.0,56.0,69.0,center
outside_plate-012260973300.jpg,95.0,50.0,95.0,50.0,center
inside_plate-027721067600.jpg,49.0,74.0,49.0,74.0,center
inside_plate-051434781100.jpg,90.0,39.0,90.0,39.0,center
outside_plate-051434781100.jpg,84.0,73.0,84.0,73.0,center
inside_plate-088408296700.jpg,46.0,43.0,46.0,43.0,center
outside_plate-088408296700.jpg,82.0,46.0,82.0,46.0,center
inside_plate-068094429400.jpg,92.0,74.0,92.0,74.0,center
outside_plate-04272332700.jpg,46.0,55.0,46.0,55.0,center
inside_plate-04272332700.jpg,87.0,51.0,87.0,51.0,center
outside_plate-061153265800.jpg,95.0,93.0,95.0,93.0,center
inside_plate-061153265800.jpg,62.0,65.0,62.0,65.0,center
outside_plate-0116907319400.jpg,78.0,55.0,78.0,55.0,center
inside_plate-0116907319400.jpg,57.0,61.0,57.0,61.0,center
inside_plate-085269728700.jpg,35.0,80.0,35.0,80.0,center
outside_plate-085269728700.jpg,48.0,60.0,48.0,60.0,center
outside_plate-0110480358200.jpg,33.0,59.0,33.0,59.0,center
inside_plate-0110480358200.jpg,64.0,82.0,64.0,82.0,center
inside_plate-0112473090300.jpg,57.0,88.0,57.0,88.0,center
outside_plate-0112473090300.jpg,65.0,34.0,65.0,34.0,center
inside_plate-091692826500.jpg,40.0,61.0,40.0,61.0,center
outside_plate-098133229300.jpg,68.0,62.0,68.0,62.0,center
inside_plate-098133229300.jpg,35.0,82.0,35.0,82.0,center
outside_plate-06070172900.jpg,86.0,58.0,86.0,58.0,center
inside_plate-06070172900.jpg,85.0,92.0,85.0,92.0,center
outside_plate-012272001300.jpg,71.0,49.0,71.0,49.0,center
inside_plate-012272001300.jpg,77.0,88.0,77.0,88.0,center
outside_plate-078996848600.jpg,58.0,70.0,58.0,70.0,center
inside_plate-078996848600.jpg,92.0,87.0,92.0,87.0,center
outside_plate-086259202700.jpg,46.0,89.0,46.0,89.0,center
inside_plate-086259202700.jpg,62.0,93.0,62.0,93.0,center
inside_plate-072564856100.jpg,95.0,63.0,95.0,63.0,center
outside_plate-072564856100.jpg,70.0,49.0,70.0,49.0,center
outside_plate-073403979200.jpg,37.0,78.0,37.0,78.0,center
inside_plate-073403979200.jpg,62.0,33.0,62.0,33.0,center
inside_plate-012250962200.jpg,63.0,39.0,63.0,39.0,center
outside_plate-012250962200.jpg,67.0,71.0,67.0,71.0,center
inside_plate-0116904453600.jpg,32.0,48.0,32.0,48.0,center
outside_plate-0116904453600.jpg,43.0,36.0,43.0,36.0,center
inside_plate-014991594200.jpg,93.0,84.0,93.0,84.0,center
outside_plate-014991594200.jpg,83.0,34.0,83.0,34.0,center
inside_plate-068971231600.jpg,87.0,94.0,87.0,94.0,center
outside_plate-068971231600.jpg,89.0,43.0,89.0,43.0,center
outside_plate-0114712129900.jpg,65.0,36.0,65.0,36.0,center
inside_plate-0114712129900.jpg,72.0,83.0,72.0,83.0,center
outside_plate-062256442600.jpg,65.0,70.0,65.0,70.0,center
inside_plate-062256442600.jpg,52.0,56.0,52.0,56.0,center
outside_plate-058712797600.jpg,53.0,84.0,53.0,84.0,center
inside_plate-058712797600.jpg,91.0,76.0,91.0,76.0,center
outside_plate-0115799362600.jpg,60.0,58.0,60.0,58.0,center
inside_plate-0115799362600.jpg,72.0,64.0,72.0,64.0,center
inside_plate-0111510758900.jpg,58.0,64.0,58.0,64.0,center
outside_plate-0111510758900.jpg,68.0,60.0,68.0,60.0,center
inside_plate-076558927800.jpg,83.0,46.0,83.0,46.0,center
inside_plate-017172367700.jpg,72.0,81.0,72.0,81.0,center
outside_plate-017172367700.jpg,39.0,86.0,39.0,86.0,center
outside_plate-056675732800.jpg,86.0,76.0,86.0,76.0,center
inside_plate-056675732800.jpg,61.0,57.0,61.0,57.0,center
inside_plate-0106228077400.jpg,71.0,68.0,71.0,68.0,center
outside_plate-0106228077400.jpg,66.0,94.0,66.0,94.0,center
inside_plate-05208610200.jpg,51.0,35.0,51.0,35.0,center
outside_plate-05201228600.jpg,41.0,36.0,41.0,36.0,center
inside_plate-05201228600.jpg,93.0,32.0,93.0,32.0,center
inside_plate-0106242851100.jpg,79.0,88.0,79.0,88.0,center
outside_plate-0106242851100.jpg,69.0,74.0,69.0,74.0,center
outside_plate-073416791400.jpg,45.0,95.0,45.0,95.0,center
inside_plate-073416791400.jpg,94.0,47.0,94.0,47.0,center
outside_plate-065334068900.jpg,87.0,64.0,87.0,64.0,center
inside_plate-065334068900.jpg,40.0,42.0,40.0,42.0,center
inside_plate-083270573900.jpg,96.0,47.0,96.0,47.0,center
outside_plate-083270573900.jpg,93.0,96.0,93.0,96.0,center
inside_plate-0111525385900.jpg,43.0,36.0,43.0,36.0,center
outside_plate-0111525385900.jpg,95.0,35.0,95.0,35.0,center
outside_plate-039854335000.jpg,38.0,71.0,38.0,71.0,center
inside_plate-039854335000.jpg,59.0,66.0,59.0,66.0,center
inside_plate-0112478800000.jpg,95.0,95.0,95.0,95.0,center
outside_plate-0112478800000.jpg,32.0,34.0,32.0,34.0,center
outside_plate-034423217900.jpg,94.0,62.0,94.0,62.0,center
inside_plate-034423217900.jpg,83.0,83.0,83.0,83.0,center
inside_plate-046017625700.jpg,71.0,40.0,71.0,40.0,center
inside_plate-030535818100.jpg,55.0,34.0,55.0,34.0,center
outside_plate-032596397500.jpg,35.0,75.0,35.0,75.0,center
inside_plate-032596397500.jpg,62.0,74.0,62.0,74.0,center
outside_plate-075386666900.jpg,49.0,88.0,49.0,88.0,center
inside_plate-075386666900.jpg,70.0,65.0,70.0,65.0,center
inside_plate-093015106600.jpg,53.0,53.0,53.0,53.0,center
outside_plate-093015106600.jpg,65.0,49.0,65.0,49.0,center
inside_plate-044951899300.jpg,94.0,75.0,94.0,75.0,center
inside_plate-059050556600.jpg,80.0,32.0,80.0,32.0,center
outside_plate-046010996300.jpg,67.0,32.0,67.0,32.0,center
inside_plate-046010996300.jpg,75.0,45.0,75.0,45.0,center
outside_plate-091640703400.jpg,56.0,57.0,56.0,57.0,center
inside_plate-091640703400.jpg,54.0,44.0,54.0,44.0,center
outside_plate-039867062900.jpg,62.0,38.0,62.0,38.0,center
inside_plate-039867062900.jpg,64.0,67.0,64.0,67.0,center
inside_plate-072573730900.jpg,74.0,93.0,74.0,93.0,center
outside_plate-072573730900.jpg,77.0,63.0,77.0,63.0,center
inside_plate-0106220918900.jpg,93.0,78.0,93.0,78.0,center
inside_plate-051468537200.jpg,80.0,94.0,80.0,94.0,center
outside_plate-051468537200.jpg,85.0,46.0,85.0,46.0,center
inside_plate-076539225100.jpg,79.0,73.0,79.0,73.0,center
outside_plate-076539225100.jpg,33.0,54.0,33.0,54.0,center
inside_plate-065343088300.jpg,95.0,57.0,95.0,57.0,center
outside_plate-065343088300.jpg,91.0,54.0,91.0,54.0,center
inside_plate-069927581900.jpg,34.0,90.0,34.0,90.0,center
outside_plate-069927581900.jpg,34.0,59.0,34.0,59.0,center
inside_plate-0104090111500.jpg,42.0,77.0,42.0,77.0,center
outside_plate-0104090111500.jpg,79.0,58.0,79.0,58.0,center
outside_plate-068064041900.jpg,35.0,64.0,35.0,64.0,center
inside_plate-068064041900.jpg,64.0,73.0,64.0,73.0,center
outside_plate-098163322700.jpg,44.0,55.0,44.0,55.0,center
inside_plate-098163322700.jpg,46.0,68.0,46.0,68.0,center
outside_plate-091674730400.jpg,55.0,73.0,55.0,73.0,center
inside_plate-091674730400.jpg,85.0,38.0,85.0,38.0,center
outside_plate-042596727300.jpg,93.0,62.0,93.0,62.0,center
inside_plate-042596727300.jpg,78.0,35.0,78.0,35.0,center
outside_plate-07065370800.jpg,34.0,78.0,34.0,78.0,center
inside_plate-07065370800.jpg,81.0,54.0,81.0,54.0,center
inside_plate-012258052900.jpg,87.0,37.0,87.0,37.0,center
outside_plate-012258052900.jpg,52.0,59.0,52.0,59.0,center
inside_plate-013231043200.jpg,48.0,61.0,48.0,61.0,center
outside_plate-0112467534700.jpg,51.0,83.0,51.0,83.0,center
inside_plate-0112467534700.jpg,91.0,58.0,91.0,58.0,center
inside_plate-0111506878500.jpg,96.0,55.0,96.0,55.0,center
outside_plate-0111506878500.jpg,42.0,55.0,42.0,55.0,center
inside_plate-089475738700.jpg,35.0,90.0,35.0,90.0,center
outside_plate-089475738700.jpg,93.0,91.0,93.0,91.0,center
inside_plate-028623110300.jpg,40.0,95.0,40.0,95.0,center
outside_plate-028623110300.jpg,63.0,40.0,63.0,40.0,center
inside_plate-04268507000.jpg,65.0,82.0,65.0,82.0,center
inside_plate-06034121200.jpg,94.0,91.0,94.0,91.0,center
inside_plate-06017038900.jpg,83.0,78.0,83.0,78.0,center
inside_plate-036597802300.jpg,82.0,32.0,82.0,32.0,center
outside_plate-036597802300.jpg,64.0,59.0,64.0,59.0,center
inside_plate-068079336600.jpg,69.0,47.0,69.0,47.0,center
outside_plate-068079336600.jpg,77.0,42.0,77.0,42.0,center
outside_plate-095381517900.jpg,33.0,40.0,33.0,40.0,center
inside_plate-095381517900.jpg,45.0,85.0,45.0,85.0,center
inside_plate-0112470372300.jpg,76.0,41.0,76.0,41.0,center
outside_plate-096370294300.jpg,85.0,82.0,85.0,82.0,center
inside_plate-096370294300.jpg,76.0,48.0,76.0,48.0,center
inside_plate-097535240000.jpg,66.0,55.0,66.0,55.0,center
outside_plate-097535240000.jpg,47.0,59.0,47.0,59.0,center
outside_plate-048806085000.jpg,35.0,45.0,35.0,45.0,center
inside_plate-048806085000.jpg,74.0,86.0,74.0,86.0,center
outside_plate-046983851900.jpg,62.0,45.0,62.0,45.0,center
inside_plate-046983851900.jpg,38.0,91.0,38.0,91.0,center
outside_plate-068954709200.jpg,70.0,62.0,70.0,62.0,center
inside_plate-068954709200.jpg,46.0,77.0,46.0,77.0,center
inside_plate-0101556178600.jpg,70.0,39.0,70.0,39.0,center
outside_plate-0101556178600.jpg,52.0,80.0,52.0,80.0,center
inside_plate-034426886800.jpg,39.0,67.0,39.0,67.0,center
inside_plate-099190134000.jpg,86.0,78.0,86.0,78.0,center
outside_plate-090691270700.jpg,33.0,75.0,33.0,75.0,center
inside_plate-090691270700.jpg,77.0,87.0,77.0,87.0,center
inside_plate-049990053200.jpg,96.0,54.0,96.0,54.0,center
outside_plate-049990053200.jpg,59.0,39.0,59.0,39.0,center
inside_plate-072577071200.jpg,91.0,59.0,91.0,59.0,center
outside_plate-099180686900.jpg,66.0,87.0,66.0,87.0,center
inside_plate-099180686900.jpg,39.0,95.0,39.0,95.0,center
inside_plate-09752172900.jpg,85.0,86.0,85.0,86.0,center
outside_plate-09752172900.jpg,70.0,48.0,70.0,48.0,center
outside_plate-097551384100.jpg,70.0,39.0,70.0,39.0,center
inside_plate-097551384100.jpg,95.0,85.0,95.0,85.0,center
outside_plate-017183951400.jpg,78.0,44.0,78.0,44.0,center
inside_plate-017183951400.jpg,83.0,43.0,83.0,43.0,center
inside_plate-040653745800.jpg,36.0,86.0,36.0,86.0,center
inside_plate-095403372600.jpg,65.0,89.0,65.0,89.0,center
inside_plate-048795791500.jpg,55.0,58.0,55.0,58.0,center
outside_plate-057675460900.jpg,60.0,43.0,60.0,43.0,center
inside_plate-057675460900.jpg,91.0,71.0,91.0,71.0,center
outside_plate-082155199700.jpg,54.0,53.0,54.0,53.0,center
inside_plate-082155199700.jpg,45.0,93.0,45.0,93.0,center
inside_plate-032580616700.jpg,45.0,96.0,45.0,96.0,center
inside_plate-071212782600.jpg,55.0,81.0,55.0,81.0,center
inside_plate-026665942700.jpg,69.0,82.0,69.0,82.0,center
outside_plate-026665942700.jpg,93.0,90.0,93.0,90.0,center
outside_plate-04261878200.jpg,49.0,44.0,49.0,44.0,center
inside_plate-04261878200.jpg,82.0,34.0,82.0,34.0,center
inside_plate-089493644300.jpg,77.0,39.0,77.0,39.0,center
outside_plate-042622543700.jpg,84.0,89.0,84.0,89.0,center
inside_plate-042622543700.jpg,64.0,60.0,64.0,60.0,center
inside_plate-062249422200.jpg,40.0,45.0,40.0,45.0,center
outside_plate-062249422200.jpg,34.0,37.0,34.0,37.0,center
outside_plate-018127553200.jpg,52.0,34.0,52.0,34.0,center
inside_plate-076543260100.jpg,44.0,51.0,44.0,51.0,center
outside_plate-076543260100.jpg,86.0,33.0,86.0,33.0,center
inside_plate-053567661500.jpg,65.0,36.0,65.0,36.0,center
outside_plate-047921773100.jpg,74.0,86.0,74.0,86.0,center
inside_plate-047921773100.jpg,88.0,34.0,88.0,34.0,center
inside_plate-012279425000.jpg,63.0,62.0,63.0,62.0,center
outside_plate-012279425000.jpg,40.0,37.0,40.0,37.0,center
inside_plate-0104101161600.jpg,46.0,34.0,46.0,34.0,center
outside_plate-0104101161600.jpg,32.0,82.0,32.0,82.0,center
outside_plate-011077151800.jpg,68.0,80.0,68.0,80.0,center
inside_plate-011077151800.jpg,48.0,62.0,48.0,62.0,center
outside_plate-09764327800.jpg,56.0,57.0,56.0,57.0,center
inside_plate-09764327800.jpg,59.0,77.0,59.0,77.0,center
outside_plate-099186895700.jpg,48.0,87.0,48.0,87.0,center
inside_plate-099186895700.jpg,64.0,58.0,64.0,58.0,center
outside_plate-072557569100.jpg,95.0,61.0,95.0,61.0,center
inside_plate-072557569100.jpg,52.0,81.0,52.0,81.0,center
inside_plate-072557569100.jpg,73.0,85.0,73.0,85.0,center
inside_plate-046037781000.jpg,70.0,88.0,70.0,88.0,center
inside_plate-060022966800.jpg,56.0,61.0,56.0,61.0,center
outside_plate-060022966800.jpg,43.0,72.0,43.0,72.0,center
inside_plate-030518793100.jpg,74.0,96.0,74.0,96.0,center
inside_plate-048781017400.jpg,67.0,73.0,67.0,73.0,center
outside_plate-03285161400.jpg,94.0,85.0,94.0,85.0,center
inside_plate-03285161400.jpg,78.0,85.0,78.0,85.0,center
outside_plate-046995769900.jpg,86.0,37.0,86.0,37.0,center
inside_plate-046995769900.jpg,73.0,43.0,73.0,43.0,center
inside_plate-014995233800.jpg,93.0,37.0,93.0,37.0,center
outside_plate-014995233800.jpg,87.0,38.0,87.0,38.0,center
outside_plate-089490275500.jpg,75.0,63.0,75.0,63.0,center
inside_plate-089490275500.jpg,75.0,95.0,75.0,95.0,center
inside_plate-0101527511400.jpg,91.0,44.0,91.0,44.0,center
outside_plate-0101527511400.jpg,58.0,35.0,58.0,35.0,center
inside_plate-088428574100.jpg,79.0,90.0,79.0,90.0,center
outside_plate-088428574100.jpg,53.0,86.0,53.0,86.0,center
inside_plate-0116898120100.jpg,80.0,94.0,80.0,94.0,center
outside_plate-0116898120100.jpg,44.0,78.0,44.0,78.0,center
inside_plate-0101559616600.jpg,38.0,43.0,38.0,43.0,center
outside_plate-0101559616600.jpg,34.0,45.0,34.0,45.0,center
inside_plate-075361262900.jpg,49.0,80.0,49.0,80.0,center
outside_plate-075361262900.jpg,56.0,43.0,56.0,43.0,center
inside_plate-0101552510800.jpg,52.0,71.0,52.0,71.0,center
inside_plate-0101552510800.jpg,59.0,93.0,59.0,93.0,center
inside_plate-03258637400.jpg,81.0,75.0,81.0,75.0,center
outside_plate-03258637400.jpg,95.0,46.0,95.0,46.0,center
inside_plate-014998377000.jpg,37.0,65.0,37.0,65.0,center
outside_plate-014998377000.jpg,80.0,63.0,80.0,63.0,center
inside_plate-039870076600.jpg,57.0,81.0,57.0,81.0,center
inside_plate-017166965800.jpg,76.0,93.0,76.0,93.0,center
outside_plate-082158461600.jpg,40.0,71.0,40.0,71.0,center
inside_plate-082158461600.jpg,85.0,51.0,85.0,51.0,center
inside_plate-015008947600.jpg,90.0,61.0,90.0,61.0,center
outside_plate-015008947600.jpg,79.0,39.0,79.0,39.0,center
inside_plate-057672528800.jpg,62.0,77.0,62.0,77.0,center
outside_plate-0101538648400.jpg,82.0,58.0,82.0,58.0,center
inside_plate-0101538648400.jpg,68.0,85.0,68.0,85.0,center
outside_plate-036585577200.jpg,35.0,42.0,35.0,42.0,center
inside_plate-036585577200.jpg,67.0,87.0,67.0,87.0,center
inside_plate-0116882614100.jpg,37.0,68.0,37.0,68.0,center
outside_plate-094110613300.jpg,52.0,41.0,52.0,41.0,center
inside_plate-094110613300.jpg,79.0,57.0,79.0,57.0,center
outside_plate-030546503200.jpg,48.0,38.0,48.0,38.0,center
inside_plate-030546503200.jpg,78.0,93.0,78.0,93.0,center
inside_plate-029486736400.jpg,78.0,59.0,78.0,59.0,center
outside_plate-0100246488000.jpg,75.0,94.0,75.0,94.0,center
inside_plate-0100246488000.jpg,89.0,94.0,89.0,94.0,center
inside_plate-057669018000.jpg,67.0,41.0,67.0,41.0,center
outside_plate-0108246089400.jpg,70.0,88.0,70.0,88.0,center
inside_plate-0108246089400.jpg,92.0,79.0,92.0,79.0,center
inside_plate-058705875400.jpg,84.0,67.0,84.0,67.0,center
outside_plate-057662201900.jpg,82.0,48.0,82.0,48.0,center
inside_plate-057662201900.jpg,33.0,52.0,33.0,52.0,center
outside_plate-0100259426600.jpg,89.0,58.0,89.0,58.0,center
inside_plate-0100259426600.jpg,75.0,59.0,75.0,59.0,center
inside_plate-062263043200.jpg,91.0,62.0,91.0,62.0,center
outside_plate-062263043200.jpg,53.0,32.0,53.0,32.0,center
outside_plate-050412514600.jpg,32.0,32.0,32.0,32.0,center
inside_plate-050412514600.jpg,90.0,71.0,90.0,71.0,center
inside_plate-082164833800.jpg,85.0,69.0,85.0,69.0,center
outside_plate-082164833800.jpg,77.0,73.0,77.0,73.0,center
inside_plate-033438786500.jpg,56.0,91.0,56.0,91.0,center
outside_plate-079028240900.jpg,45.0,33.0,45.0,33.0,center
inside_plate-079028240900.jpg,73.0,48.0,73.0,48.0,center
outside_plate-093632739400.jpg,37.0,80.0,37.0,80.0,center
inside_plate-093632739400.jpg,35.0,39.0,35.0,39.0,center
outside_plate-090684580300.jpg,56.0,64.0,56.0,64.0,center
inside_plate-090684580300.jpg,48.0,59.0,48.0,59.0,center
inside_plate-046007980000.jpg,91.0,70.0,91.0,70.0,center
outside_plate-017345573500.jpg,94.0,59.0,94.0,59.0,center
inside_plate-017345573500.jpg,68.0,91.0,68.0,91.0,center
inside_plate-023934755600.jpg,47.0,57.0,47.0,57.0,center
outside_plate-023934755600.jpg,92.0,39.0,92.0,39.0,center
outside_plate-05205575800.jpg,71.0,60.0,71.0,60.0,center
outside_plate-018118188500.jpg,94.0,73.0,94.0,73.0,center
inside_plate-018118188500.jpg,95.0,83.0,95.0,83.0,center
outside_plate-082175510400.jpg,78.0,72.0,78.0,72.0,center
inside_plate-082175510400.jpg,55.0,61.0,55.0,61.0,center
inside_plate-085285858600.jpg,67.0,96.0,67.0,96.0,center
outside_plate-085285858600.jpg,69.0,72.0,69.0,72.0,center
outside_plate-029507155100.jpg,61.0,43.0,61.0,43.0,center
inside_plate-029507155100.jpg,71.0,32.0,71.0,32.0,center
outside_plate-098220995800.jpg,90.0,32.0,90.0,32.0,center
inside_plate-098220995800.jpg,83.0,56.0,83.0,56.0,center
inside_plate-090662190200.jpg,88.0,42.0,88.0,42.0,center
outside_plate-090662190200.jpg,88.0,32.0,88.0,32.0,center
inside_plate-050436022700.jpg,71.0,65.0,71.0,65.0,center
outside_plate-050436022700.jpg,59.0,56.0,59.0,56.0,center
outside_plate-026693269900.jpg,43.0,86.0,43.0,86.0,center
inside_plate-026693269900.jpg,83.0,43.0,83.0,43.0,center
outside_plate-086287059800.jpg,88.0,81.0,88.0,81.0,center
inside_plate-028639544000.jpg,35.0,64.0,35.0,64.0,center
outside_plate-028639544000.jpg,82.0,38.0,82.0,38.0,center
inside_plate-016111176200.jpg,73.0,32.0,73.0,32.0,center
outside_plate-016111176200.jpg,32.0,78.0,32.0,78.0,center
outside_plate-052586933900.jpg,94.0,72.0,94.0,72.0,center
inside_plate-052586933900.jpg,54.0,52.0,54.0,52.0,center
inside_plate-012276362000.jpg,93.0,85.0,93.0,85.0,center
inside_plate-018145606200.jpg,55.0,51.0,55.0,51.0,center
outside_plate-044968319900.jpg,96.0,40.0,96.0,40.0,center
inside_plate-044968319900.jpg,50.0,35.0,50.0,35.0,center
outside_plate-038843467200.jpg,83.0,53.0,83.0,53.0,center
inside_plate-038843467200.jpg,42.0,45.0,42.0,45.0,center
outside_plate-0116888444300.jpg,84.0,79.0,84.0,79.0,center
inside_plate-0116888444300.jpg,38.0,60.0,38.0,60.0,center
outside_plate-052577746800.jpg,78.0,87.0,78.0,87.0,center
inside_plate-052577746800.jpg,41.0,67.0,41.0,67.0,center
outside_plate-087327224100.jpg,62.0,39.0,62.0,39.0,center
inside_plate-087327224100.jpg,44.0,63.0,44.0,63.0,center
outside_plate-08635188200.jpg,84.0,57.0,84.0,57.0,center
inside_plate-08635188200.jpg,92.0,55.0,92.0,55.0,center
outside_plate-038839484400.jpg,77.0,73.0,77.0,73.0,center
inside_plate-038839484400.jpg,34.0,63.0,34.0,63.0,center
inside_plate-026652660100.jpg,60.0,48.0,60.0,48.0,center
outside_plate-026652660100.jpg,67.0,51.0,67.0,51.0,center
outside_plate-037616573300.jpg,59.0,58.0,59.0,58.0,center
inside_plate-037616573300.jpg,39.0,59.0,39.0,59.0,center
outside_plate-099171308000.jpg,68.0,81.0,68.0,81.0,center
inside_plate-099171308000.jpg,37.0,37.0,37.0,37.0,center
outside_plate-039864212800.jpg,74.0,39.0,74.0,39.0,center
inside_plate-039864212800.jpg,60.0,79.0,60.0,79.0,center
inside_plate-090688045700.jpg,57.0,94.0,57.0,94.0,center
inside_plate-011071076800.jpg,62.0,92.0,62.0,92.0,center
outside_plate-011071076800.jpg,96.0,69.0,96.0,69.0,center
inside_plate-050011750600.jpg,36.0,80.0,36.0,80.0,center
outside_plate-050405051000.jpg,85.0,51.0,85.0,51.0,center
inside_plate-050405051000.jpg,47.0,38.0,47.0,38.0,center
inside_plate-013224229300.jpg,55.0,61.0,55.0,61.0,center
outside_plate-013224229300.jpg,79.0,90.0,79.0,90.0,center
outside_plate-029500310600.jpg,50.0,80.0,50.0,80.0,center
inside_plate-029500310600.jpg,34.0,73.0,34.0,73.0,center
inside_plate-025813571500.jpg,89.0,83.0,89.0,83.0,center
outside_plate-025813571500.jpg,61.0,76.0,61.0,76.0,center
outside_plate-076069240600.jpg,40.0,88.0,40.0,88.0,center
inside_plate-076069240600.jpg,91.0,67.0,91.0,67.0,center
inside_plate-062268840600.jpg,38.0,83.0,38.0,83.0,center
outside_plate-062268840600.jpg,91.0,61.0,91.0,61.0,center
outside_plate-0114689977500.jpg,63.0,78.0,63.0,78.0,center
inside_plate-0114689977500.jpg,66.0,66.0,66.0,66.0,center
outside_plate-019261593100.jpg,77.0,87.0,77.0,87.0,center
inside_plate-019261593100.jpg,57.0,35.0,57.0,35.0,center
inside_plate-059999850000.jpg,51.0,87.0,51.0,87.0,center
outside_plate-030549626600.jpg,71.0,77.0,71.0,77.0,center
inside_plate-030549626600.jpg,65.0,52.0,65.0,52.0,center
inside_plate-09790147900.jpg,58.0,62.0,58.0,62.0,center
outside_plate-09790147900.jpg,90.0,84.0,90.0,84.0,center
outside_plate-068119803500.jpg,67.0,52.0,67.0,52.0,center
inside_plate-068119803500.jpg,49.0,68.0,49.0,68.0,center
inside_plate-059124005700.jpg,87.0,77.0,87.0,77.0,center
outside_plate-059124005700.jpg,57.0,58.0,57.0,58.0,center
outside_plate-0108238861900.jpg,45.0,67.0,45.0,67.0,center
inside_plate-0108238861900.jpg,44.0,49.0,44.0,49.0,center
inside_plate-062259821000.jpg,85.0,51.0,85.0,51.0,center
outside_plate-0110445067700.jpg,92.0,35.0,92.0,35.0,center
inside_plate-0110445067700.jpg,56.0,75.0,56.0,75.0,center
outside_plate-091707391200.jpg,57.0,68.0,57.0,68.0,center
inside_plate-091707391200.jpg,46.0,32.0,46.0,32.0,center
outside_plate-031592488300.jpg,32.0,57.0,32.0,57.0,center
inside_plate-031592488300.jpg,47.0,74.0,47.0,74.0,center
outside_plate-097961445200.jpg,36.0,64.0,36.0,64.0,center
inside_plate-097961445200.jpg,71.0,32.0,71.0,32.0,center
outside_plate-097967569400.jpg,44.0,54.0,44.0,54.0,center
inside_plate-097967569400.jpg,33.0,56.0,33.0,56.0,center
inside_plate-014115829800.jpg,47.0,69.0,47.0,69.0,center
outside_plate-019230775900.jpg,95.0,77.0,95.0,77.0,center
inside_plate-019230775900.jpg,74.0,37.0,74.0,37.0,center
inside_plate-033434292700.jpg,94.0,67.0,94.0,67.0,center
inside_plate-051452043600.jpg,92.0,56.0,92.0,56.0,center
outside_plate-051452043600.jpg,88.0,67.0,88.0,67.0,center
inside_plate-014097821800.jpg,49.0,61.0,49.0,61.0,center
outside_plate-014097821800.jpg,64.0,92.0,64.0,92.0,center
inside_plate-013244091700.jpg,90.0,49.0,90.0,49.0,center
outside_plate-013244091700.jpg,74.0,54.0,74.0,54.0,center
inside_plate-097951026500.jpg,61.0,92.0,61.0,92.0,center
inside_plate-092994783900.jpg,53.0,88.0,53.0,88.0,center
outside_plate-092994783900.jpg,69.0,83.0,69.0,83.0,center
inside_plate-059098389600.jpg,90.0,51.0,90.0,51.0,center
outside_plate-059098389600.jpg,86.0,75.0,86.0,75.0,center
inside_plate-029513597000.jpg,37.0,73.0,37.0,73.0,center
inside_plate-09782342700.jpg,91.0,86.0,91.0,86.0,center
outside_plate-09782342700.jpg,58.0,52.0,58.0,52.0,center
outside_plate-035568859300.jpg,80.0,39.0,80.0,39.0,center
inside_plate-035568859300.jpg,43.0,90.0,43.0,90.0,center
inside_plate-065826431300.jpg,34.0,51.0,34.0,51.0,center
outside_plate-065826431300.jpg,67.0,32.0,67.0,32.0,center
outside_plate-0111519348300.jpg,57.0,37.0,57.0,37.0,center
inside_plate-0111519348300.jpg,84.0,33.0,84.0,33.0,center
outside_plate-040674215100.jpg,51.0,52.0,51.0,52.0,center
inside_plate-040674215100.jpg,62.0,88.0,62.0,88.0,center
inside_plate-061167683300.jpg,34.0,61.0,34.0,61.0,center
outside_plate-061167683300.jpg,72.0,44.0,72.0,44.0,center
inside_plate-036594531000.jpg,44.0,46.0,44.0,46.0,center
outside_plate-036594531000.jpg,92.0,75.0,92.0,75.0,center
inside_plate-014103837500.jpg,78.0,61.0,78.0,61.0,center
outside_plate-014103837500.jpg,53.0,46.0,53.0,46.0,center
outside_plate-076028807800.jpg,80.0,37.0,80.0,37.0,center
inside_plate-076028807800.jpg,96.0,44.0,96.0,44.0,center
inside_plate-079035686400.jpg,55.0,52.0,55.0,52.0,center
outside_plate-079035686400.jpg,59.0,51.0,59.0,51.0,center
inside_plate-0100262899400.jpg,77.0,96.0,77.0,96.0,center
outside_plate-0100262899400.jpg,59.0,71.0,59.0,71.0,center
outside_plate-0104106011200.jpg,34.0,73.0,34.0,73.0,center
inside_plate-0104106011200.jpg,67.0,76.0,67.0,76.0,center
inside_plate-094079198400.jpg,59.0,92.0,59.0,92.0,center
outside_plate-094079198400.jpg,51.0,54.0,51.0,54.0,center
outside_plate-027752194700.jpg,49.0,66.0,49.0,66.0,center
inside_plate-027752194700.jpg,78.0,96.0,78.0,96.0,center
inside_plate-093641447800.jpg,76.0,42.0,76.0,42.0,center
outside_plate-093641447800.jpg,44.0,72.0,44.0,72.0,center
inside_plate-096366895800.jpg,37.0,82.0,37.0,82.0,center
outside_plate-096366895800.jpg,69.0,83.0,69.0,83.0,center
inside_plate-075369758800.jpg,90.0,51.0,90.0,51.0,center
outside_plate-075369758800.jpg,61.0,75.0,61.0,75.0,center
inside_plate-0115806760800.jpg,33.0,33.0,33.0,33.0,center
outside_plate-0115806760800.jpg,94.0,45.0,94.0,45.0,center
outside_plate-032576952200.jpg,88.0,80.0,88.0,80.0,center
inside_plate-032576952200.jpg,81.0,39.0,81.0,39.0,center
inside_plate-019243234300.jpg,68.0,58.0,68.0,58.0,center
inside_plate-0112458818800.jpg,67.0,53.0,67.0,53.0,center
inside_plate-028632964100.jpg,35.0,37.0,35.0,37.0,center
outside_plate-027744953300.jpg,57.0,55.0,57.0,55.0,center
inside_plate-027744953300.jpg,73.0,91.0,73.0,91.0,center
inside_plate-072590039100.jpg,44.0,48.0,44.0,48.0,center
outside_plate-072590039100.jpg,54.0,55.0,54.0,55.0,center
inside_plate-096392478100.jpg,72.0,62.0,72.0,62.0,center
inside_plate-083113103900.jpg,41.0,34.0,41.0,34.0,center
inside_plate-064261910700.jpg,40.0,43.0,40.0,43.0,center
outside_plate-064261910700.jpg,49.0,95.0,49.0,95.0,center
outside_plate-0100275275300.jpg,60.0,95.0,60.0,95.0,center
inside_plate-0100275275300.jpg,66.0,49.0,66.0,49.0,center
outside_plate-069935479900.jpg,57.0,42.0,57.0,42.0,center
inside_plate-040667600400.jpg,66.0,40.0,66.0,40.0,center
inside_plate-04248107900.jpg,55.0,81.0,55.0,81.0,center
outside_plate-04248107900.jpg,85.0,78.0,85.0,78.0,center
inside_plate-096388510700.jpg,72.0,45.0,72.0,45.0,center
outside_plate-096388510700.jpg,85.0,43.0,85.0,43.0,center
inside_plate-059996476000.jpg,55.0,69.0,55.0,69.0,center
inside_plate-013220734300.jpg,80.0,59.0,80.0,59.0,center
outside_plate-013220734300.jpg,74.0,42.0,74.0,42.0,center
inside_plate-019238286200.jpg,34.0,76.0,34.0,76.0,center
outside_plate-019238286200.jpg,57.0,91.0,57.0,91.0,center
inside_plate-037620437800.jpg,94.0,49.0,94.0,49.0,center
outside_plate-037620437800.jpg,81.0,70.0,81.0,70.0,center
outside_plate-06025602000.jpg,71.0,65.0,71.0,65.0,center
inside_plate-06025602000.jpg,44.0,55.0,44.0,55.0,center
outside_plate-060019359100.jpg,93.0,39.0,93.0,39.0,center
inside_plate-060019359100.jpg,67.0,33.0,67.0,33.0,center
inside_plate-042647589800.jpg,82.0,96.0,82.0,96.0,center
inside_plate-042647589800.jpg,70.0,38.0,70.0,38.0,center
inside_plate-0102968145200.jpg,80.0,78.0,80.0,78.0,center
inside_plate-08647095400.jpg,90.0,38.0,90.0,38.0,center
outside_plate-08647095400.jpg,71.0,61.0,71.0,61.0,center
inside_plate-058735630500.jpg,33.0,32.0,33.0,32.0,center
outside_plate-058735630500.jpg,62.0,46.0,62.0,46.0,center
inside_plate-0115810057300.jpg,68.0,54.0,68.0,54.0,center
outside_plate-0115810057300.jpg,65.0,85.0,65.0,85.0,center
inside_plate-052558734500.jpg,81.0,62.0,81.0,62.0,center
outside_plate-052558734500.jpg,85.0,40.0,85.0,40.0,center
inside_plate-076080243100.jpg,52.0,77.0,52.0,77.0,center
outside_plate-076080243100.jpg,68.0,42.0,68.0,42.0,center
outside_plate-097548387500.jpg,63.0,55.0,63.0,55.0,center
inside_plate-097548387500.jpg,42.0,43.0,42.0,43.0,center
outside_plate-068086379500.jpg,58.0,33.0,58.0,33.0,center
inside_plate-068086379500.jpg,63.0,37.0,63.0,37.0,center
inside_plate-01380189500.jpg,40.0,63.0,40.0,63.0,center
outside_plate-01380189500.jpg,86.0,91.0,86.0,91.0,center
outside_plate-048791016300.jpg,89.0,54.0,89.0,54.0,center
inside_plate-048791016300.jpg,88.0,37.0,88.0,37.0,center
outside_plate-056671146300.jpg,37.0,42.0,37.0,42.0,center
outside_plate-089486447400.jpg,44.0,43.0,44.0,43.0,center
inside_plate-089486447400.jpg,52.0,91.0,52.0,91.0,center
inside_plate-078982477500.jpg,40.0,45.0,40.0,45.0,center
outside_plate-078982477500.jpg,78.0,85.0,78.0,85.0,center
inside_plate-093624835900.jpg,56.0,51.0,56.0,51.0,center
outside_plate-093624835900.jpg,67.0,71.0,67.0,71.0,center
inside_plate-095419613300.jpg,69.0,56.0,69.0,56.0,center
outside_plate-020282836400.jpg,94.0,34.0,94.0,34.0,center
inside_plate-020282836400.jpg,95.0,92.0,95.0,92.0,center
outside_plate-0101535302000.jpg,72.0,72.0,72.0,72.0,center
inside_plate-0101535302000.jpg,60.0,65.0,60.0,65.0,center
inside_plate-060009800600.jpg,50.0,72.0,50.0,72.0,center
outside_plate-060009800600.jpg,81.0,46.0,81.0,46.0,center
outside_plate-05211413700.jpg,35.0,42.0,35.0,42.0,center
inside_plate-05211413700.jpg,79.0,79.0,79.0,79.0,center
outside_plate-068981696800.jpg,80.0,75.0,80.0,75.0,center
inside_plate-068981696800.jpg,85.0,67.0,85.0,67.0,center
outside_plate-08638397300.jpg,91.0,39.0,91.0,39.0,center
inside_plate-08638397300.jpg,37.0,76.0,37.0,76.0,center
inside_plate-028612425600.jpg,50.0,43.0,50.0,43.0,center
inside_plate-051464843600.jpg,58.0,75.0,58.0,75.0,center
outside_plate-051464843600.jpg,95.0,37.0,95.0,37.0,center
inside_plate-0111529005600.jpg,90.0,76.0,90.0,76.0,center
outside_plate-050451202900.jpg,35.0,37.0,35.0,37.0,center
inside_plate-050451202900.jpg,46.0,47.0,46.0,47.0,center
inside_plate-027755618000.jpg,78.0,93.0,78.0,93.0,center
outside_plate-076038175200.jpg,83.0,68.0,83.0,68.0,center
inside_plate-076038175200.jpg,69.0,95.0,69.0,95.0,center
outside_plate-020275275500.jpg,84.0,93.0,84.0,93.0,center
inside_plate-020275275500.jpg,87.0,59.0,87.0,59.0,center
inside_plate-041717912300.jpg,64.0,75.0,64.0,75.0,center
inside_plate-055617088900.jpg,48.0,56.0,48.0,56.0,center
inside_plate-058721734100.jpg,71.0,95.0,71.0,95.0,center
outside_plate-058721734100.jpg,96.0,64.0,96.0,64.0,center
inside_plate-098144600400.jpg,77.0,39.0,77.0,39.0,center
outside_plate-098144600400.jpg,72.0,61.0,72.0,61.0,center
inside_plate-076060876900.jpg,45.0,48.0,45.0,48.0,center
outside_plate-076060876900.jpg,55.0,57.0,55.0,57.0,center
outside_plate-089502601700.jpg,51.0,67.0,51.0,67.0,center
inside_plate-089502601700.jpg,95.0,83.0,95.0,83.0,center
outside_plate-051443266300.jpg,76.0,67.0,76.0,67.0,center
inside_plate-051443266300.jpg,66.0,40.0,66.0,40.0,center
inside_plate-057653355500.jpg,32.0,63.0,32.0,63.0,center
outside_plate-057653355500.jpg,33.0,81.0,33.0,81.0,center
inside_plate-069952196900.jpg,83.0,90.0,83.0,90.0,center
outside_plate-069952196900.jpg,70.0,68.0,70.0,68.0,center
outside_plate-021307180100.jpg,58.0,79.0,58.0,79.0,center
inside_plate-021307180100.jpg,55.0,88.0,55.0,88.0,center
inside_plate-062272030700.jpg,43.0,87.0,43.0,87.0,center
inside_plate-092989962400.jpg,39.0,59.0,39.0,59.0,center
outside_plate-092989962400.jpg,65.0,33.0,65.0,33.0,center
inside_plate-097977412700.jpg,74.0,34.0,74.0,34.0,center
outside_plate-097977412700.jpg,87.0,81.0,87.0,81.0,center
inside_plate-0115779801800.jpg,84.0,83.0,84.0,83.0,center
inside_plate-082152211900.jpg,35.0,80.0,35.0,80.0,center
outside_plate-082152211900.jpg,79.0,77.0,79.0,77.0,center
inside_plate-0114719957300.jpg,43.0,77.0,43.0,77.0,center
inside_plate-0100270205300.jpg,84.0,68.0,84.0,68.0,center
outside_plate-0100270205300.jpg,84.0,86.0,84.0,86.0,center
inside_plate-033415141000.jpg,51.0,92.0,51.0,92.0,center
outside_plate-033415141000.jpg,50.0,42.0,50.0,42.0,center
outside_plate-084380269200.jpg,59.0,35.0,59.0,35.0,center
inside_plate-084380269200.jpg,52.0,80.0,52.0,80.0,center
inside_plate-087337068600.jpg,55.0,74.0,55.0,74.0,center
outside_plate-087337068600.jpg,74.0,63.0,74.0,63.0,center
outside_plate-0111533555300.jpg,96.0,32.0,96.0,32.0,center
inside_plate-0111533555300.jpg,96.0,41.0,96.0,41.0,center
inside_plate-05194572200.jpg,56.0,45.0,56.0,45.0,center
outside_plate-05194572200.jpg,92.0,95.0,92.0,95.0,center
inside_plate-099199471600.jpg,71.0,60.0,71.0,60.0,center
outside_plate-099199471600.jpg,74.0,72.0,74.0,72.0,center
inside_plate-09786611800.jpg,38.0,33.0,38.0,33.0,center
inside_plate-023911206200.jpg,90.0,83.0,90.0,83.0,center
outside_plate-023911206200.jpg,63.0,42.0,63.0,42.0,center
inside_plate-080262228800.jpg,57.0,84.0,57.0,84.0,center
outside_plate-050005533200.jpg,53.0,96.0,53.0,96.0,center
inside_plate-050005533200.jpg,92.0,55.0,92.0,55.0,center
inside_plate-072580236500.jpg,34.0,74.0,34.0,74.0,center
outside_plate-072580236500.jpg,44.0,73.0,44.0,73.0,center
inside_plate-057647349800.jpg,93.0,59.0,93.0,59.0,center
outside_plate-057647349800.jpg,48.0,45.0,48.0,45.0,center
outside_plate-097526241100.jpg,60.0,91.0,60.0,91.0,center
inside_plate-097526241100.jpg,42.0,46.0,42.0,46.0,center
outside_plate-08627982700.jpg,88.0,46.0,88.0,46.0,center
inside_plate-08627982700.jpg,42.0,90.0,42.0,90.0,center
inside_plate-091666250800.jpg,38.0,59.0,38.0,59.0,center
outside_plate-091666250800.jpg,91.0,34.0,91.0,34.0,center
outside_plate-056661657800.jpg,83.0,76.0,83.0,76.0,center
inside_plate-056661657800.jpg,39.0,46.0,39.0,46.0,center
inside_plate-047930052800.jpg,62.0,62.0,62.0,62.0,center
outside_plate-047930052800.jpg,51.0,84.0,51.0,84.0,center
inside_plate-062241623700.jpg,45.0,37.0,45.0,37.0,center
outside_plate-062241623700.jpg,44.0,75.0,44.0,75.0,center
outside_plate-083124174400.jpg,86.0,74.0,86.0,74.0,center
inside_plate-083124174400.jpg,91.0,34.0,91.0,34.0,center
outside_plate-083116429100.jpg,33.0,49.0,33.0,49.0,center
inside_plate-083116429100.jpg,35.0,65.0,35.0,65.0,center
outside_plate-071218810700.jpg,37.0,59.0,37.0,59.0,center
inside_plate-071218810700.jpg,41.0,32.0,41.0,32.0,center
inside_plate-065352075400.jpg,67.0,84.0,67.0,84.0,center
outside_plate-04279180500.jpg,74.0,79.0,74.0,79.0,center
inside_plate-04279180500.jpg,70.0,37.0,70.0,37.0,center
outside_plate-092986084900.jpg,90.0,58.0,90.0,58.0,center
inside_plate-092986084900.jpg,93.0,80.0,93.0,80.0,center
inside_plate-058724761900.jpg,65.0,60.0,65.0,60.0,center
outside_plate-058724761900.jpg,92.0,86.0,92.0,86.0,center
outside_plate-065346281000.jpg,79.0,81.0,79.0,81.0,center
inside_plate-065346281000.jpg,44.0,78.0,44.0,78.0,center
outside_plate-080279258700.jpg,33.0,70.0,33.0,70.0,center
inside_plate-080279258700.jpg,60.0,85.0,60.0,85.0,center
inside_plate-01376189100.jpg,80.0,83.0,80.0,83.0,center
outside_plate-01376189100.jpg,71.0,79.0,71.0,79.0,center
inside_plate-094087017600.jpg,75.0,52.0,75.0,52.0,center
outside_plate-094087017600.jpg,33.0,75.0,33.0,75.0,center
inside_plate-083108882600.jpg,61.0,88.0,61.0,88.0,center
outside_plate-0101549027200.jpg,85.0,64.0,85.0,64.0,center
inside_plate-0101549027200.jpg,36.0,96.0,36.0,96.0,center
inside_plate-058727735900.jpg,76.0,43.0,76.0,43.0,center
outside_plate-058727735900.jpg,74.0,47.0,74.0,47.0,center
outside_plate-028609089200.jpg,70.0,49.0,70.0,49.0,center
inside_plate-028609089200.jpg,75.0,68.0,75.0,68.0,center
inside_plate-083267374300.jpg,37.0,69.0,37.0,69.0,center
inside_plate-049993361600.jpg,75.0,91.0,75.0,91.0,center
outside_plate-031600993500.jpg,64.0,38.0,64.0,38.0,center
inside_plate-031600993500.jpg,72.0,45.0,72.0,45.0,center
inside_plate-052571930300.jpg,81.0,74.0,81.0,74.0,center
outside_plate-052571930300.jpg,91.0,58.0,91.0,58.0,center
inside_plate-093020445400.jpg,48.0,53.0,48.0,53.0,center
inside_plate-0108266532300.jpg,59.0,79.0,59.0,79.0,center
outside_plate-0108266532300.jpg,57.0,72.0,57.0,72.0,center
inside_plate-044985748300.jpg,50.0,78.0,50.0,78.0,center
inside_plate-069921049300.jpg,85.0,67.0,85.0,67.0,center
outside_plate-069921049300.jpg,37.0,49.0,37.0,49.0,center
inside_plate-047917107500.jpg,43.0,80.0,43.0,80.0,center
outside_plate-047917107500.jpg,32.0,32.0,32.0,32.0,center
inside_plate-07072478400.jpg,55.0,56.0,55.0,56.0,center
outside_plate-07072478400.jpg,93.0,48.0,93.0,48.0,center
inside_plate-050002345300.jpg,54.0,88.0,54.0,88.0,center
outside_plate-050002345300.jpg,74.0,71.0,74.0,71.0,center
outside_plate-0111498956500.jpg,83.0,39.0,83.0,39.0,center
inside_plate-0111498956500.jpg,45.0,71.0,45.0,71.0,center
outside_plate-020296585100.jpg,82.0,40.0,82.0,40.0,center
inside_plate-020296585100.jpg,83.0,74.0,83.0,74.0,center
inside_plate-061156767400.jpg,75.0,58.0,75.0,58.0,center
inside_plate-020270693000.jpg,46.0,67.0,46.0,67.0,center
outside_plate-050419959900.jpg,90.0,37.0,90.0,37.0,center
outside_plate-050419959900.jpg,87.0,39.0,87.0,39.0,center
inside_plate-041730793700.jpg,44.0,53.0,44.0,53.0,center
outside_plate-041730793700.jpg,70.0,39.0,70.0,39.0,center
outside_plate-081148359300.jpg,64.0,35.0,64.0,35.0,center
inside_plate-081148359300.jpg,39.0,62.0,39.0,62.0,center
outside_plate-083136194200.jpg,37.0,77.0,37.0,77.0,center
inside_plate-083136194200.jpg,34.0,46.0,34.0,46.0,center
inside_plate-080285578200.jpg,71.0,49.0,71.0,49.0,center
inside_plate-087334005200.jpg,35.0,56.0,35.0,56.0,center
outside_plate-087334005200.jpg,63.0,34.0,63.0,34.0,center
outside_plate-0110452134900.jpg,53.0,89.0,53.0,89.0,center
inside_plate-0110452134900.jpg,75.0,65.0,75.0,65.0,center
inside_plate-011068076900.jpg,88.0,50.0,88.0,50.0,center
outside_plate-011068076900.jpg,69.0,68.0,69.0,68.0,center
inside_plate-098154873500.jpg,88.0,92.0,88.0,92.0,center
outside_plate-098154873500.jpg,80.0,75.0,80.0,75.0,center
inside_plate-046021204500.jpg,56.0,65.0,56.0,65.0,center
outside_plate-056668046200.jpg,49.0,65.0,49.0,65.0,center
inside_plate-056668046200.jpg,33.0,47.0,33.0,47.0,center
inside_plate-087318505300.jpg,74.0,38.0,74.0,38.0,center
inside_plate-048800161400.jpg,33.0,39.0,33.0,39.0,center
outside_plate-048800161400.jpg,69.0,60.0,69.0,60.0,center
inside_plate-064269281000.jpg,59.0,80.0,59.0,80.0,center
outside_plate-064269281000.jpg,92.0,63.0,92.0,63.0,center
outside_plate-015012073000.jpg,62.0,34.0,62.0,34.0,center
inside_plate-015012073000.jpg,59.0,81.0,59.0,81.0,center
inside_plate-081169474300.jpg,80.0,46.0,80.0,46.0,center
outside_plate-081169474300.jpg,80.0,33.0,80.0,33.0,center
outside_plate-068112038800.jpg,89.0,36.0,89.0,36.0,center
inside_plate-068112038800.jpg,51.0,77.0,51.0,77.0,center
inside_plate-058715926100.jpg,35.0,84.0,35.0,84.0,center
inside_plate-07078547100.jpg,85.0,74.0,85.0,74.0,center
outside_plate-07078547100.jpg,58.0,76.0,58.0,76.0,center
inside_plate-038861967400.jpg,96.0,76.0,96.0,76.0,center
inside_plate-0100239019300.jpg,73.0,56.0,73.0,56.0,center
outside_plate-089478805400.jpg,49.0,75.0,49.0,75.0,center
inside_plate-089478805400.jpg,33.0,54.0,33.0,54.0,center
inside_plate-055631161400.jpg,41.0,86.0,41.0,86.0,center
inside_plate-097542360800.jpg,57.0,44.0,57.0,44.0,center
outside_plate-097542360800.jpg,42.0,62.0,42.0,62.0,center
inside_plate-065337102700.jpg,64.0,44.0,64.0,44.0,center
outside_plate-065337102700.jpg,72.0,82.0,72.0,82.0,center
inside_plate-069940279300.jpg,35.0,78.0,35.0,78.0,center
outside_plate-069940279300.jpg,84.0,65.0,84.0,65.0,center
inside_plate-013217922300.jpg,90.0,84.0,90.0,84.0,center
outside_plate-013217922300.jpg,52.0,61.0,52.0,61.0,center
outside_plate-044976554900.jpg,41.0,36.0,41.0,36.0,center
inside_plate-044976554900.jpg,49.0,44.0,49.0,44.0,center
outside_plate-040650726900.jpg,48.0,88.0,48.0,88.0,center
inside_plate-040650726900.jpg,55.0,74.0,55.0,74.0,center
inside_plate-0104086919400.jpg,61.0,64.0,61.0,64.0,center
outside_plate-041733785900.jpg,59.0,80.0,59.0,80.0,center
inside_plate-041733785900.jpg,74.0,72.0,74.0,72.0,center
inside_plate-084350799200.jpg,48.0,69.0,48.0,69.0,center
outside_plate-084350799200.jpg,94.0,66.0,94.0,66.0,center
outside_plate-085234436200.jpg,72.0,87.0,72.0,87.0,center
inside_plate-085234436200.jpg,56.0,68.0,56.0,68.0,center
outside_plate-086290153700.jpg,51.0,69.0,51.0,69.0,center
inside_plate-086290153700.jpg,51.0,72.0,51.0,72.0,center
outside_plate-040657047700.jpg,95.0,96.0,95.0,96.0,center
inside_plate-040657047700.jpg,61.0,48.0,61.0,48.0,center
inside_plate-021324950000.jpg,60.0,94.0,60.0,94.0,center
outside_plate-021324950000.jpg,56.0,96.0,56.0,96.0,center
inside_plate-015001637900.jpg,68.0,71.0,68.0,71.0,center
outside_plate-0116901291000.jpg,43.0,68.0,43.0,68.0,center
inside_plate-0116901291000.jpg,66.0,78.0,66.0,78.0,center
inside_plate-03318327400.jpg,50.0,88.0,50.0,88.0,center
outside_plate-03318327400.jpg,52.0,59.0,52.0,59.0,center
inside_plate-04670045600.jpg,76.0,84.0,76.0,84.0,center
outside_plate-04670045600.jpg,38.0,46.0,38.0,46.0,center
inside_plate-09445661200.jpg,33.0,75.0,33.0,75.0,center
outside_plate-09445661200.jpg,93.0,96.0,93.0,96.0,center
inside_plate-01599942000.jpg,51.0,63.0,51.0,63.0,center
outside_plate-01599942000.jpg,66.0,62.0,66.0,62.0,center
inside_plate-010358638900.jpg,56.0,44.0,56.0,44.0,center
inside_plate-09393084000.jpg,33.0,57.0,33.0,57.0,center
inside_plate-01611859300.jpg,33.0,80.0,33.0,80.0,center
outside_plate-01611859300.jpg,45.0,70.0,45.0,70.0,center
inside_plate-01615689300.jpg,89.0,88.0,89.0,88.0,center
inside_plate-06038013800.jpg,76.0,33.0,76.0,33.0,center
outside_plate-06038013800.jpg,68.0,88.0,68.0,88.0,center
